timestamp,location_id,latitude,longitude,pm25,pm10,temperature_c,humidity_pct,wind_speed_mps,data_source
2026-08-31 15:00:00,Delhi_Central_Demo,28.6139,77.209,97.1,148.77,28.95,48.06,2.51,synthetic_demo
2026-08-31 16:00:00,Delhi_Central_Demo,28.6139,77.209,80.46,145.01,29.04,44.62,3.41,synthetic_demo
2026-08-31 17:00:00,Delhi_Central_Demo,28.6139,77.209,94.1,104.81,24.73,65.6,2.0,synthetic_demo
2026-08-31 18:00:00,Delhi_Central_Demo,28.6139,77.209,91.0,114.1,27.16,58.56,2.9,synthetic_demo
2026-08-31 19:00:00,Delhi_Central_Demo,28.6139,77.209,56.68,71.25,22.97,61.26,1.45,synthetic_demo
2026-08-31 20:00:00,Delhi_Central_Demo,28.6139,77.209,57.77,115.85,21.94,67.12,0.98,synthetic_demo
2026-08-31 21:00:00,Delhi_Central_Demo,28.6139,77.209,67.06,109.03,23.54,78.52,1.86,synthetic_demo
2026-08-31 22:00:00,Delhi_Central_Demo,28.6139,77.209,58.35,104.26,21.21,43.98,1.17,synthetic_demo
2026-08-31 23:00:00,Delhi_Central_Demo,28.6139,77.209,58.14,69.59,17.78,54.15,1.14,synthetic_demo
2026-09-01 00:00:00,Delhi_Central_Demo,28.6139,77.209,47.86,54.03,17.11,55.59,3.93,synthetic_demo
2026-09-01 01:00:00,Delhi_Central_Demo,28.6139,77.209,64.72,108.37,17.75,53.27,0.94,synthetic_demo
2026-09-01 02:00:00,Delhi_Central_Demo,28.6139,77.209,64.73,101.38,19.7,50.09,1.25,synthetic_demo
2026-09-01 03:00:00,Delhi_Central_Demo,28.6139,77.209,60.08,103.0,19.89,56.18,4.04,synthetic_demo
2026-09-01 04:00:00,Delhi_Central_Demo,28.6139,77.209,74.45,112.03,20.91,48.13,1.43,synthetic_demo
2026-09-01 05:00:00,Delhi_Central_Demo,28.6139,77.209,72.68,117.65,25.39,57.41,4.34,synthetic_demo
2026-09-01 06:00:00,Delhi_Central_Demo,28.6139,77.209,64.97,103.55,24.83,55.53,0.66,synthetic_demo
2026-09-01 07:00:00,Delhi_Central_Demo,28.6139,77.209,83.19,142.95,30.26,55.17,1.34,synthetic_demo
2026-09-01 08:00:00,Delhi_Central_Demo,28.6139,77.209,75.86,132.1,28.64,56.52,2.0,synthetic_demo
2026-09-01 09:00:00,Delhi_Central_Demo,28.6139,77.209,99.77,125.49,32.63,54.48,2.61,synthetic_demo
2026-09-01 10:00:00,Delhi_Central_Demo,28.6139,77.209,95.28,107.23,31.6,47.39,5.57,synthetic_demo
2026-09-01 11:00:00,Delhi_Central_Demo,28.6139,77.209,97.65,169.38,33.21,66.23,0.8,synthetic_demo
2026-09-01 12:00:00,Delhi_Central_Demo,28.6139,77.209,95.1,168.78,30.91,52.74,1.08,synthetic_demo
2026-09-01 13:00:00,Delhi_Central_Demo,28.6139,77.209,115.09,160.02,30.48,36.26,0.61,synthetic_demo
2026-09-01 14:00:00,Delhi_Central_Demo,28.6139,77.209,100.77,122.71,31.75,42.25,1.12,synthetic_demo
2026-09-01 15:00:00,Delhi_Central_Demo,28.6139,77.209,96.02,150.62,31.43,36.57,3.51,synthetic_demo
2026-09-01 16:00:00,Delhi_Central_Demo,28.6139,77.209,93.47,161.64,28.56,52.65,0.55,synthetic_demo
2026-09-01 17:00:00,Delhi_Central_Demo,28.6139,77.209,97.93,184.15,24.88,54.11,1.05,synthetic_demo
2026-09-01 18:00:00,Delhi_Central_Demo,28.6139,77.209,91.12,150.53,22.96,52.68,4.44,synthetic_demo
2026-09-01 19:00:00,Delhi_Central_Demo,28.6139,77.209,86.06,126.7,21.05,73.85,1.04,synthetic_demo
2026-09-01 20:00:00,Delhi_Central_Demo,28.6139,77.209,80.69,108.99,18.85,63.7,0.32,synthetic_demo
2026-09-01 21:00:00,Delhi_Central_Demo,28.6139,77.209,92.62,143.77,20.21,64.16,1.44,synthetic_demo
2026-09-01 22:00:00,Delhi_Central_Demo,28.6139,77.209,62.71,91.82,20.63,50.61,5.78,synthetic_demo
2026-09-01 23:00:00,Delhi_Central_Demo,28.6139,77.209,58.27,72.05,18.22,51.75,2.04,synthetic_demo
2026-09-02 00:00:00,Delhi_Central_Demo,28.6139,77.209,53.16,119.28,14.61,62.57,1.8,synthetic_demo
2026-09-02 01:00:00,Delhi_Central_Demo,28.6139,77.209,66.8,135.68,17.95,61.32,5.64,synthetic_demo
2026-09-02 02:00:00,Delhi_Central_Demo,28.6139,77.209,72.77,133.24,18.69,44.56,3.35,synthetic_demo
2026-09-02 03:00:00,Delhi_Central_Demo,28.6139,77.209,62.61,80.47,23.19,54.82,0.68,synthetic_demo
2026-09-02 04:00:00,Delhi_Central_Demo,28.6139,77.209,58.9,106.69,19.31,59.09,1.58,synthetic_demo
2026-09-02 05:00:00,Delhi_Central_Demo,28.6139,77.209,63.67,110.2,22.6,54.96,0.18,synthetic_demo
2026-09-02 06:00:00,Delhi_Central_Demo,28.6139,77.209,83.76,137.8,27.56,46.7,2.94,synthetic_demo
2026-09-02 07:00:00,Delhi_Central_Demo,28.6139,77.209,90.41,162.63,27.49,48.94,2.3,synthetic_demo
2026-09-02 08:00:00,Delhi_Central_Demo,28.6139,77.209,94.12,157.32,29.34,50.54,0.61,synthetic_demo
2026-09-02 09:00:00,Delhi_Central_Demo,28.6139,77.209,87.34,148.7,30.12,52.14,2.51,synthetic_demo
2026-09-02 10:00:00,Delhi_Central_Demo,28.6139,77.209,100.87,167.82,31.56,55.25,2.04,synthetic_demo
2026-09-02 11:00:00,Delhi_Central_Demo,28.6139,77.209,103.2,166.09,32.93,58.1,5.08,synthetic_demo
2026-09-02 12:00:00,Delhi_Central_Demo,28.6139,77.209,106.39,132.79,30.79,48.6,7.09,synthetic_demo
2026-09-02 13:00:00,Delhi_Central_Demo,28.6139,77.209,113.62,177.62,33.08,45.7,4.05,synthetic_demo
2026-09-02 14:00:00,Delhi_Central_Demo,28.6139,77.209,106.35,154.83,29.0,55.7,1.95,synthetic_demo
2026-09-02 15:00:00,Delhi_Central_Demo,28.6139,77.209,108.64,145.36,30.44,56.08,2.19,synthetic_demo
2026-09-02 16:00:00,Delhi_Central_Demo,28.6139,77.209,98.96,183.66,28.77,48.89,1.01,synthetic_demo
2026-09-02 17:00:00,Delhi_Central_Demo,28.6139,77.209,96.54,180.75,25.89,60.7,1.2,synthetic_demo
2026-09-02 18:00:00,Delhi_Central_Demo,28.6139,77.209,94.56,171.03,24.97,62.86,1.86,synthetic_demo
2026-09-02 19:00:00,Delhi_Central_Demo,28.6139,77.209,67.88,109.8,22.25,67.26,1.71,synthetic_demo
2026-09-02 20:00:00,Delhi_Central_Demo,28.6139,77.209,73.44,138.15,19.89,72.8,0.57,synthetic_demo
2026-09-02 21:00:00,Delhi_Central_Demo,28.6139,77.209,66.5,103.3,19.52,51.9,5.11,synthetic_demo
2026-09-02 22:00:00,Delhi_Central_Demo,28.6139,77.209,60.13,96.85,17.28,60.51,5.6,synthetic_demo
2026-09-02 23:00:00,Delhi_Central_Demo,28.6139,77.209,60.12,73.51,18.72,59.48,5.0,synthetic_demo
2026-09-03 00:00:00,Delhi_Central_Demo,28.6139,77.209,75.47,124.13,16.27,60.32,5.73,synthetic_demo
2026-09-03 01:00:00,Delhi_Central_Demo,28.6139,77.209,50.95,80.06,19.31,53.79,8.46,synthetic_demo
2026-09-03 02:00:00,Delhi_Central_Demo,28.6139,77.209,69.87,84.85,17.17,48.6,1.03,synthetic_demo
2026-09-03 03:00:00,Delhi_Central_Demo,28.6139,77.209,45.37,69.41,19.2,59.8,8.22,synthetic_demo
2026-09-03 04:00:00,Delhi_Central_Demo,28.6139,77.209,62.16,94.91,20.56,51.96,1.53,synthetic_demo
2026-09-03 05:00:00,Delhi_Central_Demo,28.6139,77.209,71.49,143.17,25.18,55.56,3.27,synthetic_demo
2026-09-03 06:00:00,Delhi_Central_Demo,28.6139,77.209,80.83,141.37,25.5,48.3,0.43,synthetic_demo
2026-09-03 07:00:00,Delhi_Central_Demo,28.6139,77.209,87.55,135.91,26.49,45.16,1.37,synthetic_demo
2026-09-03 08:00:00,Delhi_Central_Demo,28.6139,77.209,93.85,149.94,29.25,53.9,4.13,synthetic_demo
2026-09-03 09:00:00,Delhi_Central_Demo,28.6139,77.209,87.5,136.42,26.79,54.96,3.38,synthetic_demo
2026-09-03 10:00:00,Delhi_Central_Demo,28.6139,77.209,90.68,136.91,31.0,55.44,1.5,synthetic_demo
2026-09-03 11:00:00,Delhi_Central_Demo,28.6139,77.209,107.14,146.58,34.76,65.66,2.19,synthetic_demo
2026-09-03 12:00:00,Delhi_Central_Demo,28.6139,77.209,98.59,150.1,32.2,52.18,1.24,synthetic_demo
2026-09-03 13:00:00,Delhi_Central_Demo,28.6139,77.209,88.24,123.35,31.86,54.08,4.13,synthetic_demo
2026-09-03 14:00:00,Delhi_Central_Demo,28.6139,77.209,88.66,114.91,31.88,41.56,5.34,synthetic_demo
2026-09-03 15:00:00,Delhi_Central_Demo,28.6139,77.209,88.33,146.11,31.29,40.3,1.04,synthetic_demo
2026-09-03 16:00:00,Delhi_Central_Demo,28.6139,77.209,98.73,160.07,25.5,67.31,2.02,synthetic_demo
2026-09-03 17:00:00,Delhi_Central_Demo,28.6139,77.209,90.35,107.88,24.29,48.11,0.55,synthetic_demo
2026-09-03 18:00:00,Delhi_Central_Demo,28.6139,77.209,90.24,137.67,25.32,46.43,2.45,synthetic_demo
2026-09-03 19:00:00,Delhi_Central_Demo,28.6139,77.209,73.09,131.21,22.12,56.71,3.02,synthetic_demo
2026-09-03 20:00:00,Delhi_Central_Demo,28.6139,77.209,72.96,132.16,23.47,55.35,2.61,synthetic_demo
2026-09-03 21:00:00,Delhi_Central_Demo,28.6139,77.209,72.04,130.12,19.58,51.58,2.85,synthetic_demo
2026-09-03 22:00:00,Delhi_Central_Demo,28.6139,77.209,57.84,90.35,16.04,58.83,1.86,synthetic_demo
2026-09-03 23:00:00,Delhi_Central_Demo,28.6139,77.209,61.71,80.44,16.34,70.9,1.89,synthetic_demo
2026-09-04 00:00:00,Delhi_Central_Demo,28.6139,77.209,48.03,54.93,13.88,56.34,1.82,synthetic_demo
2026-09-04 01:00:00,Delhi_Central_Demo,28.6139,77.209,49.97,83.65,17.89,48.83,1.33,synthetic_demo
2026-09-04 02:00:00,Delhi_Central_Demo,28.6139,77.209,50.23,84.69,18.66,66.98,1.48,synthetic_demo
2026-09-04 03:00:00,Delhi_Central_Demo,28.6139,77.209,43.99,91.35,19.41,62.85,2.92,synthetic_demo
2026-09-04 04:00:00,Delhi_Central_Demo,28.6139,77.209,64.01,119.02,23.12,51.35,5.12,synthetic_demo
2026-09-04 05:00:00,Delhi_Central_Demo,28.6139,77.209,58.71,88.62,24.99,42.35,0.87,synthetic_demo
2026-09-04 06:00:00,Delhi_Central_Demo,28.6139,77.209,68.54,83.83,24.74,49.22,1.88,synthetic_demo
2026-09-04 07:00:00,Delhi_Central_Demo,28.6139,77.209,78.62,116.11,23.61,55.54,0.7,synthetic_demo
2026-09-04 08:00:00,Delhi_Central_Demo,28.6139,77.209,83.67,133.6,29.43,61.23,1.35,synthetic_demo
2026-09-04 09:00:00,Delhi_Central_Demo,28.6139,77.209,90.87,137.22,30.78,42.66,1.55,synthetic_demo
2026-09-04 10:00:00,Delhi_Central_Demo,28.6139,77.209,87.5,125.22,31.53,49.76,2.32,synthetic_demo
2026-09-04 11:00:00,Delhi_Central_Demo,28.6139,77.209,87.46,140.12,33.23,54.64,2.28,synthetic_demo
2026-09-04 12:00:00,Delhi_Central_Demo,28.6139,77.209,92.81,134.79,30.25,32.27,2.01,synthetic_demo
2026-09-04 13:00:00,Delhi_Central_Demo,28.6139,77.209,77.2,108.36,34.77,56.43,2.75,synthetic_demo
2026-09-04 14:00:00,Delhi_Central_Demo,28.6139,77.209,78.58,127.41,29.62,42.3,0.96,synthetic_demo
2026-09-04 15:00:00,Delhi_Central_Demo,28.6139,77.209,77.35,112.66,31.07,53.4,2.34,synthetic_demo
2026-09-04 16:00:00,Delhi_Central_Demo,28.6139,77.209,76.85,123.5,25.97,56.3,3.45,synthetic_demo
2026-09-04 17:00:00,Delhi_Central_Demo,28.6139,77.209,86.0,138.21,25.42,63.39,0.94,synthetic_demo
2026-09-04 18:00:00,Delhi_Central_Demo,28.6139,77.209,67.38,83.93,27.27,57.82,0.34,synthetic_demo
2026-09-04 19:00:00,Delhi_Central_Demo,28.6139,77.209,66.71,94.74,22.8,37.52,4.1,synthetic_demo
2026-09-04 20:00:00,Delhi_Central_Demo,28.6139,77.209,77.55,146.08,22.76,50.29,0.73,synthetic_demo
2026-09-04 21:00:00,Delhi_Central_Demo,28.6139,77.209,55.45,65.03,20.41,59.32,1.29,synthetic_demo
2026-09-04 22:00:00,Delhi_Central_Demo,28.6139,77.209,61.6,57.38,18.78,57.79,3.38,synthetic_demo
2026-09-04 23:00:00,Delhi_Central_Demo,28.6139,77.209,41.17,30.3,20.28,62.12,0.9,synthetic_demo
2026-09-05 00:00:00,Delhi_Central_Demo,28.6139,77.209,46.04,71.88,17.65,66.46,3.91,synthetic_demo
2026-09-05 01:00:00,Delhi_Central_Demo,28.6139,77.209,37.64,58.89,15.57,66.47,1.14,synthetic_demo
2026-09-05 02:00:00,Delhi_Central_Demo,28.6139,77.209,44.3,66.54,17.73,58.37,1.01,synthetic_demo
2026-09-05 03:00:00,Delhi_Central_Demo,28.6139,77.209,58.1,111.9,20.88,43.12,0.71,synthetic_demo
2026-09-05 04:00:00,Delhi_Central_Demo,28.6139,77.209,35.73,8.0,22.09,53.39,1.15,synthetic_demo
2026-09-05 05:00:00,Delhi_Central_Demo,28.6139,77.209,61.73,102.82,20.84,61.24,3.06,synthetic_demo
2026-09-05 06:00:00,Delhi_Central_Demo,28.6139,77.209,64.91,128.72,23.91,47.04,1.3,synthetic_demo
2026-09-05 07:00:00,Delhi_Central_Demo,28.6139,77.209,62.13,76.0,25.94,59.39,4.11,synthetic_demo
2026-09-05 08:00:00,Delhi_Central_Demo,28.6139,77.209,59.16,84.86,27.95,60.2,2.07,synthetic_demo
2026-09-05 09:00:00,Delhi_Central_Demo,28.6139,77.209,79.51,109.69,27.89,53.99,2.21,synthetic_demo
2026-09-05 10:00:00,Delhi_Central_Demo,28.6139,77.209,77.93,104.69,30.12,26.91,0.99,synthetic_demo
2026-09-05 11:00:00,Delhi_Central_Demo,28.6139,77.209,88.93,131.97,30.67,40.81,4.54,synthetic_demo
2026-09-05 12:00:00,Delhi_Central_Demo,28.6139,77.209,88.92,163.52,33.16,64.38,3.47,synthetic_demo
2026-09-05 13:00:00,Delhi_Central_Demo,28.6139,77.209,105.37,196.4,32.98,45.05,3.4,synthetic_demo
2026-09-05 14:00:00,Delhi_Central_Demo,28.6139,77.209,86.13,127.45,30.84,35.04,1.77,synthetic_demo
2026-09-05 15:00:00,Delhi_Central_Demo,28.6139,77.209,76.02,152.12,29.36,61.83,0.62,synthetic_demo
2026-09-05 16:00:00,Delhi_Central_Demo,28.6139,77.209,84.49,131.6,28.71,52.51,2.3,synthetic_demo
2026-09-05 17:00:00,Delhi_Central_Demo,28.6139,77.209,80.29,156.01,25.59,63.43,2.97,synthetic_demo
2026-09-05 18:00:00,Delhi_Central_Demo,28.6139,77.209,86.34,132.14,23.28,58.42,2.99,synthetic_demo
2026-09-05 19:00:00,Delhi_Central_Demo,28.6139,77.209,75.37,119.19,21.78,60.92,2.71,synthetic_demo
2026-09-05 20:00:00,Delhi_Central_Demo,28.6139,77.209,64.88,107.14,20.55,61.02,2.63,synthetic_demo
2026-09-05 21:00:00,Delhi_Central_Demo,28.6139,77.209,70.63,166.7,18.31,65.27,1.13,synthetic_demo
2026-09-05 22:00:00,Delhi_Central_Demo,28.6139,77.209,39.56,76.64,19.18,77.29,1.18,synthetic_demo
2026-09-05 23:00:00,Delhi_Central_Demo,28.6139,77.209,41.57,51.71,19.33,66.73,0.71,synthetic_demo
2026-09-06 00:00:00,Delhi_Central_Demo,28.6139,77.209,36.53,74.07,15.62,48.92,4.15,synthetic_demo
2026-09-06 01:00:00,Delhi_Central_Demo,28.6139,77.209,41.19,57.33,18.28,63.28,6.88,synthetic_demo
2026-09-06 02:00:00,Delhi_Central_Demo,28.6139,77.209,32.12,40.97,18.61,68.61,11.33,synthetic_demo
2026-09-06 03:00:00,Delhi_Central_Demo,28.6139,77.209,54.5,100.83,20.56,67.73,2.42,synthetic_demo
2026-09-06 04:00:00,Delhi_Central_Demo,28.6139,77.209,49.49,77.28,21.48,54.05,2.63,synthetic_demo
2026-09-06 05:00:00,Delhi_Central_Demo,28.6139,77.209,41.65,69.57,21.01,67.11,1.83,synthetic_demo
2026-09-06 06:00:00,Delhi_Central_Demo,28.6139,77.209,51.6,80.23,23.11,63.75,2.39,synthetic_demo
2026-09-06 07:00:00,Delhi_Central_Demo,28.6139,77.209,70.69,115.63,26.86,74.28,0.9,synthetic_demo
2026-09-06 08:00:00,Delhi_Central_Demo,28.6139,77.209,81.74,134.35,30.04,45.47,1.8,synthetic_demo
2026-09-06 09:00:00,Delhi_Central_Demo,28.6139,77.209,98.76,118.21,26.63,49.8,1.02,synthetic_demo
2026-09-06 10:00:00,Delhi_Central_Demo,28.6139,77.209,112.62,186.56,31.58,47.94,1.62,synthetic_demo
2026-09-06 11:00:00,Delhi_Central_Demo,28.6139,77.209,91.27,123.79,33.55,45.1,1.1,synthetic_demo
2026-09-06 12:00:00,Delhi_Central_Demo,28.6139,77.209,79.58,97.39,31.77,43.14,2.97,synthetic_demo
2026-09-06 13:00:00,Delhi_Central_Demo,28.6139,77.209,69.07,106.01,32.59,27.59,3.24,synthetic_demo
2026-09-06 14:00:00,Delhi_Central_Demo,28.6139,77.209,92.49,144.87,30.01,48.02,2.58,synthetic_demo
2026-09-06 15:00:00,Delhi_Central_Demo,28.6139,77.209,79.67,111.0,29.77,54.62,1.19,synthetic_demo
2026-09-06 16:00:00,Delhi_Central_Demo,28.6139,77.209,80.34,139.48,26.07,50.31,0.67,synthetic_demo
2026-09-06 17:00:00,Delhi_Central_Demo,28.6139,77.209,74.01,90.56,23.3,71.68,3.27,synthetic_demo
2026-09-06 18:00:00,Delhi_Central_Demo,28.6139,77.209,73.63,106.8,26.41,54.12,2.06,synthetic_demo
2026-09-06 19:00:00,Delhi_Central_Demo,28.6139,77.209,80.22,113.81,21.71,67.63,0.32,synthetic_demo
2026-09-06 20:00:00,Delhi_Central_Demo,28.6139,77.209,65.66,100.93,20.82,60.02,2.29,synthetic_demo
2026-09-06 21:00:00,Delhi_Central_Demo,28.6139,77.209,57.43,94.03,17.97,66.53,2.65,synthetic_demo
2026-09-06 22:00:00,Delhi_Central_Demo,28.6139,77.209,44.34,50.58,16.82,62.96,0.46,synthetic_demo
2026-09-06 23:00:00,Delhi_Central_Demo,28.6139,77.209,34.69,66.81,17.98,70.87,3.01,synthetic_demo
2026-09-07 00:00:00,Delhi_Central_Demo,28.6139,77.209,44.63,70.31,16.91,61.11,0.54,synthetic_demo
2026-09-07 01:00:00,Delhi_Central_Demo,28.6139,77.209,48.46,41.06,18.81,63.31,1.08,synthetic_demo
2026-09-07 02:00:00,Delhi_Central_Demo,28.6139,77.209,67.69,69.67,19.62,61.7,0.55,synthetic_demo
2026-09-07 03:00:00,Delhi_Central_Demo,28.6139,77.209,53.78,83.14,20.53,55.82,0.98,synthetic_demo
2026-09-07 04:00:00,Delhi_Central_Demo,28.6139,77.209,66.07,98.43,21.86,60.44,0.67,synthetic_demo
2026-09-07 05:00:00,Delhi_Central_Demo,28.6139,77.209,56.08,85.07,25.55,72.49,4.13,synthetic_demo
2026-09-07 06:00:00,Delhi_Central_Demo,28.6139,77.209,54.81,84.46,23.4,53.96,1.7,synthetic_demo
2026-09-07 07:00:00,Delhi_Central_Demo,28.6139,77.209,62.99,101.7,26.73,57.15,1.42,synthetic_demo
2026-09-07 08:00:00,Delhi_Central_Demo,28.6139,77.209,71.37,127.68,30.2,61.42,4.4,synthetic_demo
2026-09-07 09:00:00,Delhi_Central_Demo,28.6139,77.209,105.5,143.53,31.85,59.33,4.25,synthetic_demo
2026-09-07 10:00:00,Delhi_Central_Demo,28.6139,77.209,80.86,104.23,28.93,52.34,1.51,synthetic_demo
2026-09-07 11:00:00,Delhi_Central_Demo,28.6139,77.209,101.25,137.25,31.29,31.53,2.54,synthetic_demo
2026-09-07 12:00:00,Delhi_Central_Demo,28.6139,77.209,86.33,139.0,34.04,52.81,1.27,synthetic_demo
2026-09-07 13:00:00,Delhi_Central_Demo,28.6139,77.209,105.72,186.27,32.52,31.98,1.91,synthetic_demo
2026-09-07 14:00:00,Delhi_Central_Demo,28.6139,77.209,99.8,146.93,31.36,62.31,0.8,synthetic_demo
2026-09-07 15:00:00,Delhi_Central_Demo,28.6139,77.209,92.49,98.32,29.62,53.12,2.81,synthetic_demo
2026-09-07 16:00:00,Delhi_Central_Demo,28.6139,77.209,90.45,109.52,27.92,60.95,4.52,synthetic_demo
2026-09-07 17:00:00,Delhi_Central_Demo,28.6139,77.209,80.05,109.08,27.24,46.21,3.99,synthetic_demo
2026-09-07 18:00:00,Delhi_Central_Demo,28.6139,77.209,86.05,123.34,24.62,42.84,2.14,synthetic_demo
2026-09-07 19:00:00,Delhi_Central_Demo,28.6139,77.209,71.64,103.69,23.12,58.4,0.29,synthetic_demo
2026-09-07 20:00:00,Delhi_Central_Demo,28.6139,77.209,58.54,91.43,21.62,57.1,1.22,synthetic_demo
2026-09-07 21:00:00,Delhi_Central_Demo,28.6139,77.209,53.0,76.54,19.03,55.24,1.9,synthetic_demo
2026-09-07 22:00:00,Delhi_Central_Demo,28.6139,77.209,63.24,116.91,19.74,59.36,0.59,synthetic_demo
2026-09-07 23:00:00,Delhi_Central_Demo,28.6139,77.209,74.1,102.68,22.61,78.81,0.49,synthetic_demo
2026-09-08 00:00:00,Delhi_Central_Demo,28.6139,77.209,57.99,74.37,15.33,68.44,5.37,synthetic_demo
2026-09-08 01:00:00,Delhi_Central_Demo,28.6139,77.209,54.74,93.46,18.72,67.79,3.67,synthetic_demo
2026-09-08 02:00:00,Delhi_Central_Demo,28.6139,77.209,59.81,65.06,17.8,66.79,2.97,synthetic_demo
2026-09-08 03:00:00,Delhi_Central_Demo,28.6139,77.209,72.48,119.36,20.92,69.69,3.38,synthetic_demo
2026-09-08 04:00:00,Delhi_Central_Demo,28.6139,77.209,65.38,103.18,21.57,55.88,0.69,synthetic_demo
2026-09-08 05:00:00,Delhi_Central_Demo,28.6139,77.209,63.89,96.38,24.33,39.03,0.95,synthetic_demo
2026-09-08 06:00:00,Delhi_Central_Demo,28.6139,77.209,84.63,159.76,26.76,52.26,2.43,synthetic_demo
2026-09-08 07:00:00,Delhi_Central_Demo,28.6139,77.209,83.79,118.68,27.1,60.02,2.57,synthetic_demo
2026-09-08 08:00:00,Delhi_Central_Demo,28.6139,77.209,100.8,193.33,30.2,43.6,0.55,synthetic_demo
2026-09-08 09:00:00,Delhi_Central_Demo,28.6139,77.209,92.82,139.81,26.43,52.59,2.3,synthetic_demo
2026-09-08 10:00:00,Delhi_Central_Demo,28.6139,77.209,83.53,106.49,33.45,43.55,1.93,synthetic_demo
2026-09-08 11:00:00,Delhi_Central_Demo,28.6139,77.209,85.81,134.27,32.32,61.89,3.9,synthetic_demo
2026-09-08 12:00:00,Delhi_Central_Demo,28.6139,77.209,118.42,164.17,33.62,54.96,2.58,synthetic_demo
2026-09-08 13:00:00,Delhi_Central_Demo,28.6139,77.209,120.1,172.63,29.93,56.76,5.78,synthetic_demo
2026-09-08 14:00:00,Delhi_Central_Demo,28.6139,77.209,100.52,162.95,29.82,56.6,1.52,synthetic_demo
2026-09-08 15:00:00,Delhi_Central_Demo,28.6139,77.209,96.48,159.54,30.17,51.08,0.74,synthetic_demo
2026-09-08 16:00:00,Delhi_Central_Demo,28.6139,77.209,111.61,161.79,28.47,54.15,5.68,synthetic_demo
2026-09-08 17:00:00,Delhi_Central_Demo,28.6139,77.209,81.54,144.16,27.24,43.95,2.68,synthetic_demo
2026-09-08 18:00:00,Delhi_Central_Demo,28.6139,77.209,78.52,142.54,26.63,36.37,1.94,synthetic_demo
2026-09-08 19:00:00,Delhi_Central_Demo,28.6139,77.209,88.36,162.81,20.54,59.32,0.98,synthetic_demo
2026-09-08 20:00:00,Delhi_Central_Demo,28.6139,77.209,72.43,121.8,22.96,59.02,1.54,synthetic_demo
2026-09-08 21:00:00,Delhi_Central_Demo,28.6139,77.209,71.16,134.83,20.06,68.13,1.47,synthetic_demo
2026-09-08 22:00:00,Delhi_Central_Demo,28.6139,77.209,65.14,67.12,18.63,72.03,0.71,synthetic_demo
2026-09-08 23:00:00,Delhi_Central_Demo,28.6139,77.209,66.77,97.77,16.03,73.84,0.19,synthetic_demo
2026-09-09 00:00:00,Delhi_Central_Demo,28.6139,77.209,75.38,101.23,18.75,51.39,1.44,synthetic_demo
2026-09-09 01:00:00,Delhi_Central_Demo,28.6139,77.209,61.55,97.55,14.62,59.45,3.44,synthetic_demo
2026-09-09 02:00:00,Delhi_Central_Demo,28.6139,77.209,67.92,94.98,19.91,62.41,4.78,synthetic_demo
2026-09-09 03:00:00,Delhi_Central_Demo,28.6139,77.209,43.25,64.04,17.81,80.29,4.01,synthetic_demo
2026-09-09 04:00:00,Delhi_Central_Demo,28.6139,77.209,66.82,137.45,21.58,69.23,4.17,synthetic_demo
2026-09-09 05:00:00,Delhi_Central_Demo,28.6139,77.209,63.48,95.34,23.01,65.35,0.79,synthetic_demo
2026-09-09 06:00:00,Delhi_Central_Demo,28.6139,77.209,65.07,108.3,26.75,50.67,2.46,synthetic_demo
2026-09-09 07:00:00,Delhi_Central_Demo,28.6139,77.209,74.2,110.82,26.54,46.85,2.99,synthetic_demo
2026-09-09 08:00:00,Delhi_Central_Demo,28.6139,77.209,85.35,133.65,27.46,59.59,3.12,synthetic_demo
2026-09-09 09:00:00,Delhi_Central_Demo,28.6139,77.209,103.16,160.0,29.19,43.26,1.91,synthetic_demo
2026-09-09 10:00:00,Delhi_Central_Demo,28.6139,77.209,85.29,140.26,32.97,47.51,2.24,synthetic_demo
2026-09-09 11:00:00,Delhi_Central_Demo,28.6139,77.209,102.34,179.6,32.57,48.79,3.93,synthetic_demo
2026-09-09 12:00:00,Delhi_Central_Demo,28.6139,77.209,99.36,183.66,31.42,63.25,2.91,synthetic_demo
2026-09-09 13:00:00,Delhi_Central_Demo,28.6139,77.209,101.63,163.11,31.41,47.68,3.3,synthetic_demo
2026-09-09 14:00:00,Delhi_Central_Demo,28.6139,77.209,114.14,187.53,28.71,32.89,1.39,synthetic_demo
2026-09-09 15:00:00,Delhi_Central_Demo,28.6139,77.209,107.23,145.5,30.53,55.16,3.18,synthetic_demo
2026-09-09 16:00:00,Delhi_Central_Demo,28.6139,77.209,111.66,171.49,25.86,48.81,2.22,synthetic_demo
2026-09-09 17:00:00,Delhi_Central_Demo,28.6139,77.209,92.1,159.68,27.94,53.28,3.66,synthetic_demo
2026-09-09 18:00:00,Delhi_Central_Demo,28.6139,77.209,81.29,141.58,25.19,54.17,1.13,synthetic_demo
2026-09-09 19:00:00,Delhi_Central_Demo,28.6139,77.209,80.21,128.13,26.77,51.57,3.45,synthetic_demo
2026-09-09 20:00:00,Delhi_Central_Demo,28.6139,77.209,79.06,138.5,19.85,64.93,1.55,synthetic_demo
2026-09-09 21:00:00,Delhi_Central_Demo,28.6139,77.209,72.97,121.94,19.9,46.31,3.47,synthetic_demo
2026-09-09 22:00:00,Delhi_Central_Demo,28.6139,77.209,55.67,107.9,21.64,53.22,2.47,synthetic_demo
2026-09-09 23:00:00,Delhi_Central_Demo,28.6139,77.209,63.78,104.07,20.03,63.95,2.1,synthetic_demo
2026-09-10 00:00:00,Delhi_Central_Demo,28.6139,77.209,62.81,90.95,16.96,55.72,1.62,synthetic_demo
2026-09-10 01:00:00,Delhi_Central_Demo,28.6139,77.209,84.78,137.46,18.57,46.63,1.95,synthetic_demo
2026-09-10 02:00:00,Delhi_Central_Demo,28.6139,77.209,78.95,69.63,18.94,64.59,1.45,synthetic_demo
2026-09-10 03:00:00,Delhi_Central_Demo,28.6139,77.209,53.67,90.08,20.47,67.15,1.6,synthetic_demo
2026-09-10 04:00:00,Delhi_Central_Demo,28.6139,77.209,62.63,31.41,20.45,57.82,2.86,synthetic_demo
2026-09-10 05:00:00,Delhi_Central_Demo,28.6139,77.209,55.23,54.58,23.05,40.68,0.39,synthetic_demo
2026-09-10 06:00:00,Delhi_Central_Demo,28.6139,77.209,69.06,115.17,22.6,62.33,3.43,synthetic_demo
2026-09-10 07:00:00,Delhi_Central_Demo,28.6139,77.209,83.6,138.17,27.01,40.31,3.47,synthetic_demo
2026-09-10 08:00:00,Delhi_Central_Demo,28.6139,77.209,97.97,130.93,29.18,54.55,1.66,synthetic_demo
2026-09-10 09:00:00,Delhi_Central_Demo,28.6139,77.209,83.7,116.91,29.61,44.67,2.29,synthetic_demo
2026-09-10 10:00:00,Delhi_Central_Demo,28.6139,77.209,88.77,162.26,28.64,43.17,0.89,synthetic_demo
2026-09-10 11:00:00,Delhi_Central_Demo,28.6139,77.209,77.09,110.77,33.24,45.69,2.72,synthetic_demo
2026-09-10 12:00:00,Delhi_Central_Demo,28.6139,77.209,98.88,193.64,32.55,48.25,0.99,synthetic_demo
2026-09-10 13:00:00,Delhi_Central_Demo,28.6139,77.209,90.38,140.05,30.67,45.88,0.06,synthetic_demo
2026-09-10 14:00:00,Delhi_Central_Demo,28.6139,77.209,94.69,154.12,30.64,55.76,4.66,synthetic_demo
2026-09-10 15:00:00,Delhi_Central_Demo,28.6139,77.209,88.76,166.67,27.7,49.54,0.8,synthetic_demo
2026-09-10 16:00:00,Delhi_Central_Demo,28.6139,77.209,92.81,146.22,26.96,61.47,1.91,synthetic_demo
2026-09-10 17:00:00,Delhi_Central_Demo,28.6139,77.209,71.35,92.54,26.01,56.55,2.35,synthetic_demo
2026-09-10 18:00:00,Delhi_Central_Demo,28.6139,77.209,68.67,104.46,26.84,48.13,2.85,synthetic_demo
2026-09-10 19:00:00,Delhi_Central_Demo,28.6139,77.209,98.65,152.27,22.23,50.01,2.05,synthetic_demo
2026-09-10 20:00:00,Delhi_Central_Demo,28.6139,77.209,58.5,66.11,22.46,43.6,2.51,synthetic_demo
2026-09-10 21:00:00,Delhi_Central_Demo,28.6139,77.209,54.81,80.35,19.24,61.36,1.63,synthetic_demo
2026-09-10 22:00:00,Delhi_Central_Demo,28.6139,77.209,79.3,109.56,19.31,56.15,0.47,synthetic_demo
2026-09-10 23:00:00,Delhi_Central_Demo,28.6139,77.209,86.19,150.23,18.03,40.9,1.99,synthetic_demo
2026-09-11 00:00:00,Delhi_Central_Demo,28.6139,77.209,42.93,67.16,19.31,54.7,3.13,synthetic_demo
2026-09-11 01:00:00,Delhi_Central_Demo,28.6139,77.209,49.92,72.28,17.44,53.09,0.85,synthetic_demo
2026-09-11 02:00:00,Delhi_Central_Demo,28.6139,77.209,57.46,87.16,16.58,73.5,2.37,synthetic_demo
2026-09-11 03:00:00,Delhi_Central_Demo,28.6139,77.209,73.23,117.53,17.98,46.29,6.55,synthetic_demo
2026-09-11 04:00:00,Delhi_Central_Demo,28.6139,77.209,49.28,87.48,20.7,46.48,1.89,synthetic_demo
2026-09-11 05:00:00,Delhi_Central_Demo,28.6139,77.209,60.95,76.48,21.31,66.46,1.96,synthetic_demo
2026-09-11 06:00:00,Delhi_Central_Demo,28.6139,77.209,76.18,99.34,25.62,65.42,0.43,synthetic_demo
2026-09-11 07:00:00,Delhi_Central_Demo,28.6139,77.209,78.16,141.02,26.11,48.26,0.76,synthetic_demo
2026-09-11 08:00:00,Delhi_Central_Demo,28.6139,77.209,75.45,109.52,32.06,45.0,1.0,synthetic_demo
2026-09-11 09:00:00,Delhi_Central_Demo,28.6139,77.209,82.88,102.96,27.34,58.29,3.05,synthetic_demo
2026-09-11 10:00:00,Delhi_Central_Demo,28.6139,77.209,74.74,123.83,31.37,31.93,0.9,synthetic_demo
2026-09-11 11:00:00,Delhi_Central_Demo,28.6139,77.209,89.31,146.78,30.07,36.56,2.68,synthetic_demo
2026-09-11 12:00:00,Delhi_Central_Demo,28.6139,77.209,90.94,113.41,31.26,48.37,1.09,synthetic_demo
2026-09-11 13:00:00,Delhi_Central_Demo,28.6139,77.209,96.4,153.55,31.97,62.52,0.45,synthetic_demo
2026-09-11 14:00:00,Delhi_Central_Demo,28.6139,77.209,87.5,148.86,27.57,49.71,3.31,synthetic_demo
2026-09-11 15:00:00,Delhi_Central_Demo,28.6139,77.209,95.3,154.45,30.3,52.09,1.48,synthetic_demo
2026-09-11 16:00:00,Delhi_Central_Demo,28.6139,77.209,96.95,161.64,31.35,59.62,2.87,synthetic_demo
2026-09-11 17:00:00,Delhi_Central_Demo,28.6139,77.209,83.55,104.23,26.13,71.06,0.43,synthetic_demo
2026-09-11 18:00:00,Delhi_Central_Demo,28.6139,77.209,79.96,129.89,25.39,50.11,0.16,synthetic_demo
2026-09-11 19:00:00,Delhi_Central_Demo,28.6139,77.209,71.02,104.64,24.73,55.06,2.21,synthetic_demo
2026-09-11 20:00:00,Delhi_Central_Demo,28.6139,77.209,64.56,91.37,21.25,72.2,0.73,synthetic_demo
2026-09-11 21:00:00,Delhi_Central_Demo,28.6139,77.209,51.8,95.95,19.18,46.9,2.18,synthetic_demo
2026-09-11 22:00:00,Delhi_Central_Demo,28.6139,77.209,57.39,115.58,15.52,69.85,2.22,synthetic_demo
2026-09-11 23:00:00,Delhi_Central_Demo,28.6139,77.209,49.53,109.08,19.2,50.91,2.01,synthetic_demo
2026-09-12 00:00:00,Delhi_Central_Demo,28.6139,77.209,69.02,130.65,17.83,60.84,4.14,synthetic_demo
2026-09-12 01:00:00,Delhi_Central_Demo,28.6139,77.209,62.87,95.47,16.72,58.86,2.65,synthetic_demo
2026-09-12 02:00:00,Delhi_Central_Demo,28.6139,77.209,51.54,86.24,19.13,51.45,6.55,synthetic_demo
2026-09-12 03:00:00,Delhi_Central_Demo,28.6139,77.209,42.06,79.0,19.17,51.21,1.52,synthetic_demo
2026-09-12 04:00:00,Delhi_Central_Demo,28.6139,77.209,41.88,67.1,20.71,60.22,0.6,synthetic_demo
2026-09-12 05:00:00,Delhi_Central_Demo,28.6139,77.209,69.3,109.77,24.1,63.6,1.15,synthetic_demo
2026-09-12 06:00:00,Delhi_Central_Demo,28.6139,77.209,65.16,115.83,22.99,55.37,1.59,synthetic_demo
2026-09-12 07:00:00,Delhi_Central_Demo,28.6139,77.209,72.87,111.89,28.38,53.19,6.91,synthetic_demo
2026-09-12 08:00:00,Delhi_Central_Demo,28.6139,77.209,56.18,73.94,26.4,58.59,2.1,synthetic_demo
2026-09-12 09:00:00,Delhi_Central_Demo,28.6139,77.209,88.07,129.04,28.96,44.46,4.25,synthetic_demo
2026-09-12 10:00:00,Delhi_Central_Demo,28.6139,77.209,87.77,147.45,33.95,54.65,1.42,synthetic_demo
2026-09-12 11:00:00,Delhi_Central_Demo,28.6139,77.209,75.5,117.08,33.45,55.64,1.28,synthetic_demo
2026-09-12 12:00:00,Delhi_Central_Demo,28.6139,77.209,83.98,136.3,32.15,70.83,0.41,synthetic_demo
2026-09-12 13:00:00,Delhi_Central_Demo,28.6139,77.209,91.99,154.65,30.35,48.25,6.77,synthetic_demo
2026-09-12 14:00:00,Delhi_Central_Demo,28.6139,77.209,89.05,131.28,30.27,47.65,5.23,synthetic_demo
2026-09-12 15:00:00,Delhi_Central_Demo,28.6139,77.209,83.33,142.78,30.06,57.61,2.39,synthetic_demo
2026-09-12 16:00:00,Delhi_Central_Demo,28.6139,77.209,81.66,133.39,28.56,59.06,1.67,synthetic_demo
2026-09-12 17:00:00,Delhi_Central_Demo,28.6139,77.209,75.57,94.91,26.68,49.55,2.16,synthetic_demo
2026-09-12 18:00:00,Delhi_Central_Demo,28.6139,77.209,74.27,141.08,24.95,51.81,0.58,synthetic_demo
2026-09-12 19:00:00,Delhi_Central_Demo,28.6139,77.209,81.74,117.68,22.87,60.82,2.86,synthetic_demo
2026-09-12 20:00:00,Delhi_Central_Demo,28.6139,77.209,35.64,25.46,19.34,52.34,4.94,synthetic_demo
2026-09-12 21:00:00,Delhi_Central_Demo,28.6139,77.209,53.63,64.32,19.28,55.72,5.11,synthetic_demo
2026-09-12 22:00:00,Delhi_Central_Demo,28.6139,77.209,53.21,64.1,20.31,59.0,0.43,synthetic_demo
2026-09-12 23:00:00,Delhi_Central_Demo,28.6139,77.209,50.93,79.88,16.19,69.14,4.22,synthetic_demo
2026-09-13 00:00:00,Delhi_Central_Demo,28.6139,77.209,42.08,60.3,17.72,55.26,0.58,synthetic_demo
2026-09-13 01:00:00,Delhi_Central_Demo,28.6139,77.209,27.52,36.6,17.01,45.85,0.18,synthetic_demo
2026-09-13 02:00:00,Delhi_Central_Demo,28.6139,77.209,49.17,87.37,19.1,43.79,4.33,synthetic_demo
2026-09-13 03:00:00,Delhi_Central_Demo,28.6139,77.209,65.42,107.52,19.47,48.8,1.32,synthetic_demo
2026-09-13 04:00:00,Delhi_Central_Demo,28.6139,77.209,36.38,62.07,23.72,45.39,3.92,synthetic_demo
2026-09-13 05:00:00,Delhi_Central_Demo,28.6139,77.209,64.99,108.12,23.95,54.5,3.68,synthetic_demo
2026-09-13 06:00:00,Delhi_Central_Demo,28.6139,77.209,58.47,101.72,23.03,46.87,3.36,synthetic_demo
2026-09-13 07:00:00,Delhi_Central_Demo,28.6139,77.209,66.94,65.81,27.82,47.4,2.14,synthetic_demo
2026-09-13 08:00:00,Delhi_Central_Demo,28.6139,77.209,62.83,90.83,27.34,47.17,0.65,synthetic_demo
2026-09-13 09:00:00,Delhi_Central_Demo,28.6139,77.209,75.45,77.7,29.08,48.62,1.59,synthetic_demo
2026-09-13 10:00:00,Delhi_Central_Demo,28.6139,77.209,96.48,150.2,31.53,61.01,5.17,synthetic_demo
2026-09-13 11:00:00,Delhi_Central_Demo,28.6139,77.209,92.95,143.99,31.02,56.08,3.99,synthetic_demo
2026-09-13 12:00:00,Delhi_Central_Demo,28.6139,77.209,106.8,184.36,33.34,49.29,1.66,synthetic_demo
2026-09-13 13:00:00,Delhi_Central_Demo,28.6139,77.209,102.16,179.73,30.6,47.39,1.65,synthetic_demo
2026-09-13 14:00:00,Delhi_Central_Demo,28.6139,77.209,94.2,149.67,30.13,47.94,3.16,synthetic_demo
2026-09-13 15:00:00,Delhi_Central_Demo,28.6139,77.209,105.24,154.11,28.97,54.85,2.26,synthetic_demo
2026-09-13 16:00:00,Delhi_Central_Demo,28.6139,77.209,88.88,146.5,27.65,57.82,1.73,synthetic_demo
2026-09-13 17:00:00,Delhi_Central_Demo,28.6139,77.209,88.42,127.54,28.46,45.32,2.97,synthetic_demo
2026-09-13 18:00:00,Delhi_Central_Demo,28.6139,77.209,72.07,111.69,25.94,54.63,2.9,synthetic_demo
2026-09-13 19:00:00,Delhi_Central_Demo,28.6139,77.209,70.22,126.6,25.75,38.22,1.18,synthetic_demo
2026-09-13 20:00:00,Delhi_Central_Demo,28.6139,77.209,57.11,78.49,24.9,56.76,2.61,synthetic_demo
2026-09-13 21:00:00,Delhi_Central_Demo,28.6139,77.209,68.91,121.31,18.5,65.64,2.77,synthetic_demo
2026-09-13 22:00:00,Delhi_Central_Demo,28.6139,77.209,42.91,78.7,19.04,56.93,2.02,synthetic_demo
2026-09-13 23:00:00,Delhi_Central_Demo,28.6139,77.209,59.26,74.67,16.47,75.5,1.07,synthetic_demo
2026-09-14 00:00:00,Delhi_Central_Demo,28.6139,77.209,47.59,91.29,16.83,53.67,1.55,synthetic_demo
2026-09-14 01:00:00,Delhi_Central_Demo,28.6139,77.209,60.71,106.68,17.29,62.13,0.89,synthetic_demo
2026-09-14 02:00:00,Delhi_Central_Demo,28.6139,77.209,57.52,90.99,17.35,60.07,2.66,synthetic_demo
2026-09-14 03:00:00,Delhi_Central_Demo,28.6139,77.209,70.68,95.84,18.47,58.77,0.44,synthetic_demo
2026-09-14 04:00:00,Delhi_Central_Demo,28.6139,77.209,63.55,83.04,21.28,56.69,5.52,synthetic_demo
2026-09-14 05:00:00,Delhi_Central_Demo,28.6139,77.209,45.36,60.63,21.36,58.4,4.78,synthetic_demo
2026-09-14 06:00:00,Delhi_Central_Demo,28.6139,77.209,65.99,112.06,26.26,60.9,2.82,synthetic_demo
2026-09-14 07:00:00,Delhi_Central_Demo,28.6139,77.209,60.92,77.23,25.44,65.72,3.83,synthetic_demo
2026-09-14 08:00:00,Delhi_Central_Demo,28.6139,77.209,73.44,121.71,32.71,49.58,3.66,synthetic_demo
2026-09-14 09:00:00,Delhi_Central_Demo,28.6139,77.209,99.33,131.61,29.27,58.53,2.29,synthetic_demo
2026-09-14 10:00:00,Delhi_Central_Demo,28.6139,77.209,95.44,144.27,31.17,45.07,1.77,synthetic_demo
2026-09-14 11:00:00,Delhi_Central_Demo,28.6139,77.209,85.87,135.07,29.82,57.75,1.62,synthetic_demo
2026-09-14 12:00:00,Delhi_Central_Demo,28.6139,77.209,85.22,176.1,34.56,42.21,5.66,synthetic_demo
2026-09-14 13:00:00,Delhi_Central_Demo,28.6139,77.209,96.73,125.14,33.44,57.82,1.04,synthetic_demo
2026-09-14 14:00:00,Delhi_Central_Demo,28.6139,77.209,83.79,156.36,31.51,68.13,1.06,synthetic_demo
2026-09-14 15:00:00,Delhi_Central_Demo,28.6139,77.209,87.34,138.08,27.93,51.97,4.07,synthetic_demo
2026-09-14 16:00:00,Delhi_Central_Demo,28.6139,77.209,93.98,153.06,28.82,34.79,3.81,synthetic_demo
2026-09-14 17:00:00,Delhi_Central_Demo,28.6139,77.209,98.15,154.26,25.13,50.52,1.69,synthetic_demo
2026-09-14 18:00:00,Delhi_Central_Demo,28.6139,77.209,87.68,143.9,27.19,63.32,3.04,synthetic_demo
2026-09-14 19:00:00,Delhi_Central_Demo,28.6139,77.209,53.28,79.82,24.4,59.84,3.33,synthetic_demo
2026-09-14 20:00:00,Delhi_Central_Demo,28.6139,77.209,73.84,140.62,21.64,59.34,0.62,synthetic_demo
2026-09-14 21:00:00,Delhi_Central_Demo,28.6139,77.209,66.5,94.86,16.4,69.09,4.99,synthetic_demo
2026-09-14 22:00:00,Delhi_Central_Demo,28.6139,77.209,65.65,122.14,17.46,64.15,3.33,synthetic_demo
2026-09-14 23:00:00,Delhi_Central_Demo,28.6139,77.209,74.47,103.83,19.27,68.75,2.86,synthetic_demo
2026-09-15 00:00:00,Delhi_Central_Demo,28.6139,77.209,35.76,54.34,19.82,65.98,3.35,synthetic_demo
2026-09-15 01:00:00,Delhi_Central_Demo,28.6139,77.209,50.01,58.22,19.9,70.74,2.62,synthetic_demo
2026-09-15 02:00:00,Delhi_Central_Demo,28.6139,77.209,62.86,105.62,16.55,63.79,1.93,synthetic_demo
2026-09-15 03:00:00,Delhi_Central_Demo,28.6139,77.209,43.6,93.6,20.5,65.39,2.3,synthetic_demo
2026-09-15 04:00:00,Delhi_Central_Demo,28.6139,77.209,77.94,119.42,23.02,53.93,0.56,synthetic_demo
2026-09-15 05:00:00,Delhi_Central_Demo,28.6139,77.209,71.68,107.57,20.7,53.2,7.17,synthetic_demo
2026-09-15 06:00:00,Delhi_Central_Demo,28.6139,77.209,82.03,107.08,24.99,68.66,1.91,synthetic_demo
2026-09-15 07:00:00,Delhi_Central_Demo,28.6139,77.209,73.8,110.26,27.22,55.17,7.09,synthetic_demo
2026-09-15 08:00:00,Delhi_Central_Demo,28.6139,77.209,93.58,116.38,28.05,59.3,2.33,synthetic_demo
2026-09-15 09:00:00,Delhi_Central_Demo,28.6139,77.209,101.67,141.16,27.17,54.47,1.27,synthetic_demo
2026-09-15 10:00:00,Delhi_Central_Demo,28.6139,77.209,98.1,156.14,30.57,46.41,4.9,synthetic_demo
2026-09-15 11:00:00,Delhi_Central_Demo,28.6139,77.209,101.84,181.59,31.27,50.7,2.78,synthetic_demo
2026-09-15 12:00:00,Delhi_Central_Demo,28.6139,77.209,104.61,212.71,31.78,61.74,8.88,synthetic_demo
2026-09-15 13:00:00,Delhi_Central_Demo,28.6139,77.209,94.23,135.5,30.92,55.3,1.24,synthetic_demo
2026-09-15 14:00:00,Delhi_Central_Demo,28.6139,77.209,100.84,182.14,30.4,37.53,5.04,synthetic_demo
2026-09-15 15:00:00,Delhi_Central_Demo,28.6139,77.209,98.78,157.5,29.89,49.85,5.22,synthetic_demo
2026-09-15 16:00:00,Delhi_Central_Demo,28.6139,77.209,100.83,153.56,29.16,66.34,3.53,synthetic_demo
2026-09-15 17:00:00,Delhi_Central_Demo,28.6139,77.209,102.61,166.83,26.36,52.34,5.25,synthetic_demo
2026-09-15 18:00:00,Delhi_Central_Demo,28.6139,77.209,76.88,120.28,24.39,41.03,1.94,synthetic_demo
2026-09-15 19:00:00,Delhi_Central_Demo,28.6139,77.209,80.68,127.04,23.33,71.32,1.03,synthetic_demo
2026-09-15 20:00:00,Delhi_Central_Demo,28.6139,77.209,91.19,134.0,18.62,64.93,1.36,synthetic_demo
2026-09-15 21:00:00,Delhi_Central_Demo,28.6139,77.209,63.77,73.68,20.77,57.4,2.21,synthetic_demo
2026-09-15 22:00:00,Delhi_Central_Demo,28.6139,77.209,58.55,62.97,18.94,56.27,3.65,synthetic_demo
2026-09-15 23:00:00,Delhi_Central_Demo,28.6139,77.209,65.42,113.16,18.3,68.35,1.1,synthetic_demo
2026-09-16 00:00:00,Delhi_Central_Demo,28.6139,77.209,69.74,103.12,19.44,54.56,1.62,synthetic_demo
2026-09-16 01:00:00,Delhi_Central_Demo,28.6139,77.209,60.76,83.45,15.31,70.97,1.18,synthetic_demo
2026-09-16 02:00:00,Delhi_Central_Demo,28.6139,77.209,74.77,116.04,15.98,65.65,4.11,synthetic_demo
2026-09-16 03:00:00,Delhi_Central_Demo,28.6139,77.209,72.31,126.4,20.46,60.13,7.05,synthetic_demo
2026-09-16 04:00:00,Delhi_Central_Demo,28.6139,77.209,75.72,120.62,21.49,58.62,0.88,synthetic_demo
2026-09-16 05:00:00,Delhi_Central_Demo,28.6139,77.209,77.45,108.24,23.44,54.69,3.15,synthetic_demo
2026-09-16 06:00:00,Delhi_Central_Demo,28.6139,77.209,100.53,177.9,24.31,63.85,4.47,synthetic_demo
2026-09-16 07:00:00,Delhi_Central_Demo,28.6139,77.209,80.93,153.86,27.81,46.11,1.81,synthetic_demo
2026-09-16 08:00:00,Delhi_Central_Demo,28.6139,77.209,68.65,115.31,29.9,38.6,0.59,synthetic_demo
2026-09-16 09:00:00,Delhi_Central_Demo,28.6139,77.209,110.04,188.09,30.68,55.94,4.87,synthetic_demo
2026-09-16 10:00:00,Delhi_Central_Demo,28.6139,77.209,93.97,168.01,30.67,56.08,0.56,synthetic_demo
2026-09-16 11:00:00,Delhi_Central_Demo,28.6139,77.209,103.11,180.16,28.6,56.32,5.85,synthetic_demo
2026-09-16 12:00:00,Delhi_Central_Demo,28.6139,77.209,117.3,192.86,33.15,52.55,1.16,synthetic_demo
2026-09-16 13:00:00,Delhi_Central_Demo,28.6139,77.209,88.89,148.55,33.59,46.42,0.47,synthetic_demo
2026-09-16 14:00:00,Delhi_Central_Demo,28.6139,77.209,91.59,151.33,32.03,56.38,1.45,synthetic_demo
2026-09-16 15:00:00,Delhi_Central_Demo,28.6139,77.209,85.84,113.3,28.63,52.09,2.08,synthetic_demo
2026-09-16 16:00:00,Delhi_Central_Demo,28.6139,77.209,90.34,152.64,29.51,47.95,2.42,synthetic_demo
2026-09-16 17:00:00,Delhi_Central_Demo,28.6139,77.209,98.04,127.56,28.1,50.33,3.33,synthetic_demo
2026-09-16 18:00:00,Delhi_Central_Demo,28.6139,77.209,93.49,130.6,27.34,69.53,2.59,synthetic_demo
2026-09-16 19:00:00,Delhi_Central_Demo,28.6139,77.209,85.21,155.54,21.87,43.31,6.68,synthetic_demo
2026-09-16 20:00:00,Delhi_Central_Demo,28.6139,77.209,62.51,112.02,21.16,61.69,2.01,synthetic_demo
2026-09-16 21:00:00,Delhi_Central_Demo,28.6139,77.209,48.11,101.34,21.17,44.25,2.69,synthetic_demo
2026-09-16 22:00:00,Delhi_Central_Demo,28.6139,77.209,67.06,99.05,19.02,58.32,2.53,synthetic_demo
2026-09-16 23:00:00,Delhi_Central_Demo,28.6139,77.209,58.16,69.4,16.56,57.44,0.41,synthetic_demo
2026-09-17 00:00:00,Delhi_Central_Demo,28.6139,77.209,65.12,96.6,18.62,42.78,0.73,synthetic_demo
2026-09-17 01:00:00,Delhi_Central_Demo,28.6139,77.209,66.63,105.11,19.11,62.24,2.22,synthetic_demo
2026-09-17 02:00:00,Delhi_Central_Demo,28.6139,77.209,61.57,96.85,19.07,56.11,2.93,synthetic_demo
2026-09-17 03:00:00,Delhi_Central_Demo,28.6139,77.209,69.8,128.6,20.38,41.44,0.25,synthetic_demo
2026-09-17 04:00:00,Delhi_Central_Demo,28.6139,77.209,67.8,98.59,21.11,64.44,6.88,synthetic_demo
2026-09-17 05:00:00,Delhi_Central_Demo,28.6139,77.209,75.17,122.84,25.41,66.2,3.1,synthetic_demo
2026-09-17 06:00:00,Delhi_Central_Demo,28.6139,77.209,67.92,87.47,23.65,67.87,2.13,synthetic_demo
2026-09-17 07:00:00,Delhi_Central_Demo,28.6139,77.209,78.65,130.01,25.93,57.22,3.0,synthetic_demo
2026-09-17 08:00:00,Delhi_Central_Demo,28.6139,77.209,87.88,136.27,28.52,52.91,1.38,synthetic_demo
2026-09-17 09:00:00,Delhi_Central_Demo,28.6139,77.209,99.19,140.25,31.27,61.24,2.44,synthetic_demo
2026-09-17 10:00:00,Delhi_Central_Demo,28.6139,77.209,91.37,137.38,28.82,65.79,2.74,synthetic_demo
2026-09-17 11:00:00,Delhi_Central_Demo,28.6139,77.209,103.77,157.53,29.8,60.71,4.91,synthetic_demo
2026-09-17 12:00:00,Delhi_Central_Demo,28.6139,77.209,97.85,146.8,28.94,44.71,1.87,synthetic_demo
2026-09-17 13:00:00,Delhi_Central_Demo,28.6139,77.209,99.82,186.61,31.81,51.84,0.57,synthetic_demo
2026-09-17 14:00:00,Delhi_Central_Demo,28.6139,77.209,108.28,166.07,29.38,55.45,1.01,synthetic_demo
2026-09-17 15:00:00,Delhi_Central_Demo,28.6139,77.209,77.59,115.88,29.37,37.46,1.75,synthetic_demo
2026-09-17 16:00:00,Delhi_Central_Demo,28.6139,77.209,80.79,87.47,29.49,55.61,0.64,synthetic_demo
2026-09-17 17:00:00,Delhi_Central_Demo,28.6139,77.209,74.1,98.76,25.85,72.59,0.91,synthetic_demo
2026-09-17 18:00:00,Delhi_Central_Demo,28.6139,77.209,60.0,88.26,25.35,59.88,1.02,synthetic_demo
2026-09-17 19:00:00,Delhi_Central_Demo,28.6139,77.209,70.58,97.05,22.74,68.37,1.66,synthetic_demo
2026-09-17 20:00:00,Delhi_Central_Demo,28.6139,77.209,78.87,147.12,22.51,58.21,3.07,synthetic_demo
2026-09-17 21:00:00,Delhi_Central_Demo,28.6139,77.209,62.93,94.57,20.76,57.38,1.6,synthetic_demo
2026-09-17 22:00:00,Delhi_Central_Demo,28.6139,77.209,62.91,120.7,17.9,63.02,3.22,synthetic_demo
2026-09-17 23:00:00,Delhi_Central_Demo,28.6139,77.209,68.03,106.56,17.99,53.38,2.13,synthetic_demo
2026-09-18 00:00:00,Delhi_Central_Demo,28.6139,77.209,67.92,105.95,19.57,51.09,0.94,synthetic_demo
2026-09-18 01:00:00,Delhi_Central_Demo,28.6139,77.209,52.91,80.41,18.83,69.45,2.77,synthetic_demo
2026-09-18 02:00:00,Delhi_Central_Demo,28.6139,77.209,67.58,104.82,16.84,71.69,2.47,synthetic_demo
2026-09-18 03:00:00,Delhi_Central_Demo,28.6139,77.209,56.87,119.08,21.03,49.85,3.28,synthetic_demo
2026-09-18 04:00:00,Delhi_Central_Demo,28.6139,77.209,50.77,36.94,19.87,66.33,3.77,synthetic_demo
2026-09-18 05:00:00,Delhi_Central_Demo,28.6139,77.209,57.46,53.03,25.31,54.09,5.01,synthetic_demo
2026-09-18 06:00:00,Delhi_Central_Demo,28.6139,77.209,53.6,73.31,26.54,56.64,3.15,synthetic_demo
2026-09-18 07:00:00,Delhi_Central_Demo,28.6139,77.209,64.93,100.9,27.25,57.11,2.41,synthetic_demo
2026-09-18 08:00:00,Delhi_Central_Demo,28.6139,77.209,75.63,129.64,28.74,60.34,3.3,synthetic_demo
2026-09-18 09:00:00,Delhi_Central_Demo,28.6139,77.209,92.26,151.51,29.64,52.42,1.47,synthetic_demo
2026-09-18 10:00:00,Delhi_Central_Demo,28.6139,77.209,105.69,156.91,32.08,61.33,1.39,synthetic_demo
2026-09-18 11:00:00,Delhi_Central_Demo,28.6139,77.209,77.87,139.05,31.21,53.13,5.47,synthetic_demo
2026-09-18 12:00:00,Delhi_Central_Demo,28.6139,77.209,97.54,169.72,32.35,54.85,1.35,synthetic_demo
2026-09-18 13:00:00,Delhi_Central_Demo,28.6139,77.209,83.67,133.0,33.07,42.69,1.04,synthetic_demo
2026-09-18 14:00:00,Delhi_Central_Demo,28.6139,77.209,97.8,168.92,30.22,68.62,3.15,synthetic_demo
2026-09-18 15:00:00,Delhi_Central_Demo,28.6139,77.209,89.27,143.28,29.03,55.94,1.48,synthetic_demo
2026-09-18 16:00:00,Delhi_Central_Demo,28.6139,77.209,68.51,96.08,26.71,59.51,3.74,synthetic_demo
2026-09-18 17:00:00,Delhi_Central_Demo,28.6139,77.209,91.28,154.05,25.22,41.98,4.76,synthetic_demo
2026-09-18 18:00:00,Delhi_Central_Demo,28.6139,77.209,70.39,111.09,22.26,50.34,1.17,synthetic_demo
2026-09-18 19:00:00,Delhi_Central_Demo,28.6139,77.209,65.15,101.01,24.28,65.4,3.42,synthetic_demo
2026-09-18 20:00:00,Delhi_Central_Demo,28.6139,77.209,53.86,109.99,24.21,57.85,1.32,synthetic_demo
2026-09-18 21:00:00,Delhi_Central_Demo,28.6139,77.209,52.47,37.21,22.19,41.66,1.78,synthetic_demo
2026-09-18 22:00:00,Delhi_Central_Demo,28.6139,77.209,58.5,65.16,16.5,69.26,2.68,synthetic_demo
2026-09-18 23:00:00,Delhi_Central_Demo,28.6139,77.209,48.61,53.98,19.33,54.62,1.39,synthetic_demo
2026-09-19 00:00:00,Delhi_Central_Demo,28.6139,77.209,51.38,73.1,20.13,69.7,2.51,synthetic_demo
2026-09-19 01:00:00,Delhi_Central_Demo,28.6139,77.209,50.75,74.09,17.55,59.51,1.9,synthetic_demo
2026-09-19 02:00:00,Delhi_Central_Demo,28.6139,77.209,60.89,67.25,19.09,60.77,3.8,synthetic_demo
2026-09-19 03:00:00,Delhi_Central_Demo,28.6139,77.209,46.26,53.98,17.04,70.0,3.81,synthetic_demo
2026-09-19 04:00:00,Delhi_Central_Demo,28.6139,77.209,38.24,43.77,21.9,49.99,1.39,synthetic_demo
2026-09-19 05:00:00,Delhi_Central_Demo,28.6139,77.209,68.06,149.73,21.59,49.44,2.72,synthetic_demo
2026-09-19 06:00:00,Delhi_Central_Demo,28.6139,77.209,59.22,124.22,25.3,53.22,4.21,synthetic_demo
2026-09-19 07:00:00,Delhi_Central_Demo,28.6139,77.209,79.22,115.38,24.47,61.99,0.9,synthetic_demo
2026-09-19 08:00:00,Delhi_Central_Demo,28.6139,77.209,77.45,113.51,29.31,41.33,1.89,synthetic_demo
2026-09-19 09:00:00,Delhi_Central_Demo,28.6139,77.209,77.48,99.41,31.49,37.12,2.64,synthetic_demo
2026-09-19 10:00:00,Delhi_Central_Demo,28.6139,77.209,86.71,100.06,29.89,58.17,0.86,synthetic_demo
2026-09-19 11:00:00,Delhi_Central_Demo,28.6139,77.209,106.12,162.38,30.06,46.64,1.53,synthetic_demo
2026-09-19 12:00:00,Delhi_Central_Demo,28.6139,77.209,109.47,151.72,28.77,49.23,6.22,synthetic_demo
2026-09-19 13:00:00,Delhi_Central_Demo,28.6139,77.209,90.05,138.05,31.36,35.69,1.35,synthetic_demo
2026-09-19 14:00:00,Delhi_Central_Demo,28.6139,77.209,90.12,110.89,30.19,45.94,1.47,synthetic_demo
2026-09-19 15:00:00,Delhi_Central_Demo,28.6139,77.209,97.02,136.66,27.62,53.1,3.12,synthetic_demo
2026-09-19 16:00:00,Delhi_Central_Demo,28.6139,77.209,74.24,117.75,29.18,59.52,0.77,synthetic_demo
2026-09-19 17:00:00,Delhi_Central_Demo,28.6139,77.209,81.42,132.79,26.14,48.03,1.92,synthetic_demo
2026-09-19 18:00:00,Delhi_Central_Demo,28.6139,77.209,72.49,119.87,23.39,69.39,1.05,synthetic_demo
2026-09-19 19:00:00,Delhi_Central_Demo,28.6139,77.209,70.16,84.98,22.36,51.37,2.5,synthetic_demo
2026-09-19 20:00:00,Delhi_Central_Demo,28.6139,77.209,52.98,97.5,23.11,50.86,0.07,synthetic_demo
2026-09-19 21:00:00,Delhi_Central_Demo,28.6139,77.209,40.1,47.76,20.95,70.13,2.26,synthetic_demo
2026-09-19 22:00:00,Delhi_Central_Demo,28.6139,77.209,30.72,59.01,18.74,61.07,2.69,synthetic_demo
2026-09-19 23:00:00,Delhi_Central_Demo,28.6139,77.209,36.8,56.84,19.17,54.67,1.56,synthetic_demo
2026-09-20 00:00:00,Delhi_Central_Demo,28.6139,77.209,41.21,39.11,16.26,59.88,1.64,synthetic_demo
2026-09-20 01:00:00,Delhi_Central_Demo,28.6139,77.209,42.16,59.65,18.29,70.52,1.41,synthetic_demo
2026-09-20 02:00:00,Delhi_Central_Demo,28.6139,77.209,65.26,107.73,19.16,70.82,1.9,synthetic_demo
2026-09-20 03:00:00,Delhi_Central_Demo,28.6139,77.209,59.21,102.81,19.35,52.42,5.52,synthetic_demo
2026-09-20 04:00:00,Delhi_Central_Demo,28.6139,77.209,42.1,62.71,22.15,56.65,3.88,synthetic_demo
2026-09-20 05:00:00,Delhi_Central_Demo,28.6139,77.209,59.83,120.31,22.02,57.81,1.9,synthetic_demo
2026-09-20 06:00:00,Delhi_Central_Demo,28.6139,77.209,57.68,107.55,25.76,46.57,1.53,synthetic_demo
2026-09-20 07:00:00,Delhi_Central_Demo,28.6139,77.209,64.71,95.68,27.64,52.71,3.64,synthetic_demo
2026-09-20 08:00:00,Delhi_Central_Demo,28.6139,77.209,75.21,130.09,24.12,55.66,2.39,synthetic_demo
2026-09-20 09:00:00,Delhi_Central_Demo,28.6139,77.209,84.98,166.53,31.74,59.41,0.84,synthetic_demo
2026-09-20 10:00:00,Delhi_Central_Demo,28.6139,77.209,80.09,159.43,26.49,63.62,1.74,synthetic_demo
2026-09-20 11:00:00,Delhi_Central_Demo,28.6139,77.209,97.76,129.43,30.84,48.28,5.14,synthetic_demo
2026-09-20 12:00:00,Delhi_Central_Demo,28.6139,77.209,78.06,104.31,33.54,47.31,3.04,synthetic_demo
2026-09-20 13:00:00,Delhi_Central_Demo,28.6139,77.209,90.45,166.93,31.29,55.91,1.55,synthetic_demo
2026-09-20 14:00:00,Delhi_Central_Demo,28.6139,77.209,115.79,160.43,28.86,47.61,0.53,synthetic_demo
2026-09-20 15:00:00,Delhi_Central_Demo,28.6139,77.209,90.03,115.74,28.31,57.39,2.49,synthetic_demo
2026-09-20 16:00:00,Delhi_Central_Demo,28.6139,77.209,98.82,144.43,30.04,50.77,2.14,synthetic_demo
2026-09-20 17:00:00,Delhi_Central_Demo,28.6139,77.209,81.05,133.19,23.93,47.99,1.86,synthetic_demo
2026-09-20 18:00:00,Delhi_Central_Demo,28.6139,77.209,80.84,123.47,26.69,46.16,3.66,synthetic_demo
2026-09-20 19:00:00,Delhi_Central_Demo,28.6139,77.209,68.99,95.23,23.11,67.9,3.06,synthetic_demo
2026-09-20 20:00:00,Delhi_Central_Demo,28.6139,77.209,62.38,84.56,19.71,57.45,0.55,synthetic_demo
2026-09-20 21:00:00,Delhi_Central_Demo,28.6139,77.209,51.22,66.56,19.18,72.2,2.15,synthetic_demo
2026-09-20 22:00:00,Delhi_Central_Demo,28.6139,77.209,59.0,75.61,17.41,56.2,0.7,synthetic_demo
2026-09-20 23:00:00,Delhi_Central_Demo,28.6139,77.209,42.93,107.6,19.54,61.15,1.43,synthetic_demo
2026-09-21 00:00:00,Delhi_Central_Demo,28.6139,77.209,56.15,92.39,19.1,78.27,0.65,synthetic_demo
2026-09-21 01:00:00,Delhi_Central_Demo,28.6139,77.209,59.85,108.73,15.66,53.08,0.67,synthetic_demo
2026-09-21 02:00:00,Delhi_Central_Demo,28.6139,77.209,53.68,74.4,18.33,44.48,2.72,synthetic_demo
2026-09-21 03:00:00,Delhi_Central_Demo,28.6139,77.209,49.61,73.55,18.76,69.66,2.53,synthetic_demo
2026-09-21 04:00:00,Delhi_Central_Demo,28.6139,77.209,60.78,81.37,23.44,49.48,2.03,synthetic_demo
2026-09-21 05:00:00,Delhi_Central_Demo,28.6139,77.209,57.99,42.15,21.16,57.52,1.33,synthetic_demo
2026-09-21 06:00:00,Delhi_Central_Demo,28.6139,77.209,76.02,93.03,27.41,48.63,0.6,synthetic_demo
2026-09-21 07:00:00,Delhi_Central_Demo,28.6139,77.209,54.33,51.62,26.76,55.91,1.44,synthetic_demo
2026-09-21 08:00:00,Delhi_Central_Demo,28.6139,77.209,75.27,76.17,26.76,46.17,2.54,synthetic_demo
2026-09-21 09:00:00,Delhi_Central_Demo,28.6139,77.209,64.31,78.17,28.93,50.81,2.5,synthetic_demo
2026-09-21 10:00:00,Delhi_Central_Demo,28.6139,77.209,74.12,138.73,29.86,55.2,5.07,synthetic_demo
2026-09-21 11:00:00,Delhi_Central_Demo,28.6139,77.209,106.5,164.27,29.85,43.54,4.59,synthetic_demo
2026-09-21 12:00:00,Delhi_Central_Demo,28.6139,77.209,104.31,184.91,32.14,44.4,2.09,synthetic_demo
2026-09-21 13:00:00,Delhi_Central_Demo,28.6139,77.209,89.21,145.67,29.92,48.78,1.43,synthetic_demo
2026-09-21 14:00:00,Delhi_Central_Demo,28.6139,77.209,80.93,139.52,27.79,41.62,1.07,synthetic_demo
2026-09-21 15:00:00,Delhi_Central_Demo,28.6139,77.209,64.41,83.62,29.38,48.55,0.51,synthetic_demo
2026-09-21 16:00:00,Delhi_Central_Demo,28.6139,77.209,85.42,141.83,25.8,55.39,0.77,synthetic_demo
2026-09-21 17:00:00,Delhi_Central_Demo,28.6139,77.209,110.8,184.86,25.68,51.33,2.54,synthetic_demo
2026-09-21 18:00:00,Delhi_Central_Demo,28.6139,77.209,85.94,122.83,23.64,53.78,3.21,synthetic_demo
2026-09-21 19:00:00,Delhi_Central_Demo,28.6139,77.209,70.6,119.5,21.88,57.02,1.66,synthetic_demo
2026-09-21 20:00:00,Delhi_Central_Demo,28.6139,77.209,75.44,127.13,24.5,50.1,8.69,synthetic_demo
2026-09-21 21:00:00,Delhi_Central_Demo,28.6139,77.209,50.17,67.87,20.13,63.93,0.78,synthetic_demo
2026-09-21 22:00:00,Delhi_Central_Demo,28.6139,77.209,58.54,70.53,19.31,70.47,0.46,synthetic_demo
2026-09-21 23:00:00,Delhi_Central_Demo,28.6139,77.209,59.3,70.6,15.57,57.88,8.59,synthetic_demo
2026-09-22 00:00:00,Delhi_Central_Demo,28.6139,77.209,55.53,87.63,17.02,64.47,0.57,synthetic_demo
2026-09-22 01:00:00,Delhi_Central_Demo,28.6139,77.209,63.83,104.82,18.56,57.59,1.65,synthetic_demo
2026-09-22 02:00:00,Delhi_Central_Demo,28.6139,77.209,60.4,79.35,17.4,63.24,1.15,synthetic_demo
2026-09-22 03:00:00,Delhi_Central_Demo,28.6139,77.209,66.1,102.94,21.41,70.04,2.68,synthetic_demo
2026-09-22 04:00:00,Delhi_Central_Demo,28.6139,77.209,56.3,97.53,19.7,62.78,1.55,synthetic_demo
2026-09-22 05:00:00,Delhi_Central_Demo,28.6139,77.209,76.98,130.44,22.76,42.38,3.22,synthetic_demo
2026-09-22 06:00:00,Delhi_Central_Demo,28.6139,77.209,89.85,167.2,24.12,59.25,3.72,synthetic_demo
2026-09-22 07:00:00,Delhi_Central_Demo,28.6139,77.209,69.81,131.18,27.06,63.42,0.51,synthetic_demo
2026-09-22 08:00:00,Delhi_Central_Demo,28.6139,77.209,76.57,100.66,27.54,51.45,1.04,synthetic_demo
2026-09-22 09:00:00,Delhi_Central_Demo,28.6139,77.209,104.35,192.04,29.54,59.78,3.41,synthetic_demo
2026-09-22 10:00:00,Delhi_Central_Demo,28.6139,77.209,93.86,135.93,30.71,45.48,4.23,synthetic_demo
2026-09-22 11:00:00,Delhi_Central_Demo,28.6139,77.209,113.53,194.78,30.66,39.15,2.34,synthetic_demo
2026-09-22 12:00:00,Delhi_Central_Demo,28.6139,77.209,97.48,152.32,32.73,50.72,2.82,synthetic_demo
2026-09-22 13:00:00,Delhi_Central_Demo,28.6139,77.209,117.41,174.57,32.12,35.96,5.28,synthetic_demo
2026-09-22 14:00:00,Delhi_Central_Demo,28.6139,77.209,103.63,128.09,30.93,48.93,1.56,synthetic_demo
2026-09-22 15:00:00,Delhi_Central_Demo,28.6139,77.209,102.89,156.39,29.3,62.28,2.32,synthetic_demo
2026-09-22 16:00:00,Delhi_Central_Demo,28.6139,77.209,112.64,146.52,29.69,36.44,4.59,synthetic_demo
2026-09-22 17:00:00,Delhi_Central_Demo,28.6139,77.209,88.99,155.35,26.46,43.74,4.79,synthetic_demo
2026-09-22 18:00:00,Delhi_Central_Demo,28.6139,77.209,78.06,148.29,24.54,47.07,1.92,synthetic_demo
2026-09-22 19:00:00,Delhi_Central_Demo,28.6139,77.209,77.44,105.69,23.35,55.65,1.07,synthetic_demo
2026-09-22 20:00:00,Delhi_Central_Demo,28.6139,77.209,80.9,130.83,24.04,52.74,1.9,synthetic_demo
2026-09-22 21:00:00,Delhi_Central_Demo,28.6139,77.209,55.55,73.05,18.04,71.07,2.04,synthetic_demo
2026-09-22 22:00:00,Delhi_Central_Demo,28.6139,77.209,73.15,102.07,20.09,66.07,1.04,synthetic_demo
2026-09-22 23:00:00,Delhi_Central_Demo,28.6139,77.209,58.01,103.85,15.4,65.68,1.18,synthetic_demo
2026-09-23 00:00:00,Delhi_Central_Demo,28.6139,77.209,72.78,112.11,18.33,60.84,4.79,synthetic_demo
2026-09-23 01:00:00,Delhi_Central_Demo,28.6139,77.209,36.7,88.2,20.6,61.23,2.91,synthetic_demo
2026-09-23 02:00:00,Delhi_Central_Demo,28.6139,77.209,53.61,74.42,19.67,51.83,1.65,synthetic_demo
2026-09-23 03:00:00,Delhi_Central_Demo,28.6139,77.209,46.88,90.66,20.31,65.14,0.82,synthetic_demo
2026-09-23 04:00:00,Delhi_Central_Demo,28.6139,77.209,59.04,93.27,20.66,49.14,1.19,synthetic_demo
2026-09-23 05:00:00,Delhi_Central_Demo,28.6139,77.209,74.39,129.62,23.23,62.92,0.42,synthetic_demo
2026-09-23 06:00:00,Delhi_Central_Demo,28.6139,77.209,75.46,108.92,24.62,64.75,2.39,synthetic_demo
2026-09-23 07:00:00,Delhi_Central_Demo,28.6139,77.209,80.44,123.8,25.63,56.24,1.13,synthetic_demo
2026-09-23 08:00:00,Delhi_Central_Demo,28.6139,77.209,87.1,132.92,28.07,51.44,2.52,synthetic_demo
2026-09-23 09:00:00,Delhi_Central_Demo,28.6139,77.209,96.03,133.8,30.25,54.53,3.39,synthetic_demo
2026-09-23 10:00:00,Delhi_Central_Demo,28.6139,77.209,88.47,149.04,29.91,28.67,2.55,synthetic_demo
2026-09-23 11:00:00,Delhi_Central_Demo,28.6139,77.209,109.1,180.81,30.55,53.53,1.5,synthetic_demo
2026-09-23 12:00:00,Delhi_Central_Demo,28.6139,77.209,110.83,182.47,29.96,50.62,0.99,synthetic_demo
2026-09-23 13:00:00,Delhi_Central_Demo,28.6139,77.209,108.76,196.24,32.35,49.45,0.72,synthetic_demo
2026-09-23 14:00:00,Delhi_Central_Demo,28.6139,77.209,109.68,196.09,31.88,55.84,4.49,synthetic_demo
2026-09-23 15:00:00,Delhi_Central_Demo,28.6139,77.209,104.82,155.72,30.3,50.69,2.47,synthetic_demo
2026-09-23 16:00:00,Delhi_Central_Demo,28.6139,77.209,118.63,190.6,29.95,42.41,1.56,synthetic_demo
2026-09-23 17:00:00,Delhi_Central_Demo,28.6139,77.209,92.77,132.57,26.94,52.51,3.08,synthetic_demo
2026-09-23 18:00:00,Delhi_Central_Demo,28.6139,77.209,85.17,132.44,25.59,55.13,4.01,synthetic_demo
2026-09-23 19:00:00,Delhi_Central_Demo,28.6139,77.209,74.91,105.32,23.64,56.87,1.15,synthetic_demo
2026-09-23 20:00:00,Delhi_Central_Demo,28.6139,77.209,66.32,131.95,21.36,58.84,2.42,synthetic_demo
2026-09-23 21:00:00,Delhi_Central_Demo,28.6139,77.209,58.76,97.63,19.25,67.34,2.45,synthetic_demo
2026-09-23 22:00:00,Delhi_Central_Demo,28.6139,77.209,57.63,85.4,22.26,48.23,5.13,synthetic_demo
2026-09-23 23:00:00,Delhi_Central_Demo,28.6139,77.209,62.17,117.85,17.56,61.61,1.55,synthetic_demo
2026-09-24 00:00:00,Delhi_Central_Demo,28.6139,77.209,63.87,59.92,17.0,70.92,0.96,synthetic_demo
2026-09-24 01:00:00,Delhi_Central_Demo,28.6139,77.209,60.12,56.93,18.89,45.4,2.61,synthetic_demo
2026-09-24 02:00:00,Delhi_Central_Demo,28.6139,77.209,52.53,95.75,19.32,60.42,3.26,synthetic_demo
2026-09-24 03:00:00,Delhi_Central_Demo,28.6139,77.209,71.2,111.45,17.94,55.26,2.28,synthetic_demo
2026-09-24 04:00:00,Delhi_Central_Demo,28.6139,77.209,72.9,117.51,23.18,53.31,5.37,synthetic_demo
2026-09-24 05:00:00,Delhi_Central_Demo,28.6139,77.209,68.27,81.94,23.05,49.13,1.54,synthetic_demo
2026-09-24 06:00:00,Delhi_Central_Demo,28.6139,77.209,68.43,105.65,23.33,54.81,2.32,synthetic_demo
2026-09-24 07:00:00,Delhi_Central_Demo,28.6139,77.209,85.93,169.25,28.59,67.21,0.55,synthetic_demo
2026-09-24 08:00:00,Delhi_Central_Demo,28.6139,77.209,87.79,150.91,29.44,41.78,0.92,synthetic_demo
2026-09-24 09:00:00,Delhi_Central_Demo,28.6139,77.209,76.51,121.64,28.05,43.51,1.16,synthetic_demo
2026-09-24 10:00:00,Delhi_Central_Demo,28.6139,77.209,94.63,138.77,33.73,38.47,1.75,synthetic_demo
2026-09-24 11:00:00,Delhi_Central_Demo,28.6139,77.209,101.18,149.73,32.75,63.39,0.64,synthetic_demo
2026-09-24 12:00:00,Delhi_Central_Demo,28.6139,77.209,91.51,103.51,31.98,46.41,3.05,synthetic_demo
2026-09-24 13:00:00,Delhi_Central_Demo,28.6139,77.209,102.9,164.13,34.15,48.39,1.07,synthetic_demo
2026-09-24 14:00:00,Delhi_Central_Demo,28.6139,77.209,85.44,147.65,31.3,47.37,7.71,synthetic_demo
2026-09-24 15:00:00,Delhi_Central_Demo,28.6139,77.209,110.89,143.51,29.91,44.01,1.11,synthetic_demo
2026-09-24 16:00:00,Delhi_Central_Demo,28.6139,77.209,106.23,152.76,27.51,51.36,2.15,synthetic_demo
2026-09-24 17:00:00,Delhi_Central_Demo,28.6139,77.209,86.4,113.08,27.68,72.79,1.95,synthetic_demo
2026-09-24 18:00:00,Delhi_Central_Demo,28.6139,77.209,86.97,117.43,25.71,65.64,0.85,synthetic_demo
2026-09-24 19:00:00,Delhi_Central_Demo,28.6139,77.209,53.26,83.51,23.21,49.43,1.75,synthetic_demo
2026-09-24 20:00:00,Delhi_Central_Demo,28.6139,77.209,59.81,55.19,20.32,63.46,1.74,synthetic_demo
2026-09-24 21:00:00,Delhi_Central_Demo,28.6139,77.209,62.84,108.46,20.25,51.68,3.72,synthetic_demo
2026-09-24 22:00:00,Delhi_Central_Demo,28.6139,77.209,50.21,91.39,18.83,45.11,2.68,synthetic_demo
2026-09-24 23:00:00,Delhi_Central_Demo,28.6139,77.209,64.28,95.12,16.24,69.29,3.02,synthetic_demo
2026-09-25 00:00:00,Delhi_Central_Demo,28.6139,77.209,74.62,71.01,15.79,70.73,3.66,synthetic_demo
2026-09-25 01:00:00,Delhi_Central_Demo,28.6139,77.209,41.83,46.9,19.09,67.51,3.06,synthetic_demo
2026-09-25 02:00:00,Delhi_Central_Demo,28.6139,77.209,45.67,92.99,15.03,58.22,2.4,synthetic_demo
2026-09-25 03:00:00,Delhi_Central_Demo,28.6139,77.209,58.3,40.36,20.36,56.91,1.15,synthetic_demo
2026-09-25 04:00:00,Delhi_Central_Demo,28.6139,77.209,75.26,110.39,20.78,63.95,2.29,synthetic_demo
2026-09-25 05:00:00,Delhi_Central_Demo,28.6139,77.209,51.18,58.09,25.15,58.03,0.98,synthetic_demo
2026-09-25 06:00:00,Delhi_Central_Demo,28.6139,77.209,70.9,124.38,24.26,52.37,1.86,synthetic_demo
2026-09-25 07:00:00,Delhi_Central_Demo,28.6139,77.209,92.02,130.48,27.8,40.09,1.68,synthetic_demo
2026-09-25 08:00:00,Delhi_Central_Demo,28.6139,77.209,62.69,104.44,27.9,53.88,1.76,synthetic_demo
2026-09-25 09:00:00,Delhi_Central_Demo,28.6139,77.209,71.41,120.86,30.12,60.05,0.65,synthetic_demo
2026-09-25 10:00:00,Delhi_Central_Demo,28.6139,77.209,84.25,163.64,32.17,40.4,0.07,synthetic_demo
2026-09-25 11:00:00,Delhi_Central_Demo,28.6139,77.209,86.49,130.4,31.07,55.86,1.45,synthetic_demo
2026-09-25 12:00:00,Delhi_Central_Demo,28.6139,77.209,101.73,164.46,33.49,51.71,4.25,synthetic_demo
2026-09-25 13:00:00,Delhi_Central_Demo,28.6139,77.209,96.49,122.83,30.27,57.31,2.12,synthetic_demo
2026-09-25 14:00:00,Delhi_Central_Demo,28.6139,77.209,75.3,138.14,31.5,57.42,4.05,synthetic_demo
2026-09-25 15:00:00,Delhi_Central_Demo,28.6139,77.209,95.74,134.7,31.33,45.01,0.98,synthetic_demo
2026-09-25 16:00:00,Delhi_Central_Demo,28.6139,77.209,81.04,115.52,29.49,38.92,1.39,synthetic_demo
2026-09-25 17:00:00,Delhi_Central_Demo,28.6139,77.209,94.74,146.45,29.69,47.45,8.01,synthetic_demo
2026-09-25 18:00:00,Delhi_Central_Demo,28.6139,77.209,70.16,80.62,23.85,62.91,1.03,synthetic_demo
2026-09-25 19:00:00,Delhi_Central_Demo,28.6139,77.209,64.13,103.52,21.12,53.38,2.98,synthetic_demo
2026-09-25 20:00:00,Delhi_Central_Demo,28.6139,77.209,69.97,125.86,20.01,52.94,2.98,synthetic_demo
2026-09-25 21:00:00,Delhi_Central_Demo,28.6139,77.209,66.64,108.57,21.04,43.2,2.75,synthetic_demo
2026-09-25 22:00:00,Delhi_Central_Demo,28.6139,77.209,58.71,62.39,19.68,72.74,3.01,synthetic_demo
2026-09-25 23:00:00,Delhi_Central_Demo,28.6139,77.209,33.65,49.93,18.39,66.23,1.02,synthetic_demo
2026-09-26 00:00:00,Delhi_Central_Demo,28.6139,77.209,53.47,96.24,16.32,67.24,1.5,synthetic_demo
2026-09-26 01:00:00,Delhi_Central_Demo,28.6139,77.209,36.79,23.22,19.39,66.67,0.11,synthetic_demo
2026-09-26 02:00:00,Delhi_Central_Demo,28.6139,77.209,50.04,58.21,17.1,65.14,5.25,synthetic_demo
2026-09-26 03:00:00,Delhi_Central_Demo,28.6139,77.209,35.46,70.73,21.79,55.29,3.0,synthetic_demo
2026-09-26 04:00:00,Delhi_Central_Demo,28.6139,77.209,57.47,93.94,25.79,53.14,1.16,synthetic_demo
2026-09-26 05:00:00,Delhi_Central_Demo,28.6139,77.209,49.32,83.87,23.74,52.46,0.99,synthetic_demo
2026-09-26 06:00:00,Delhi_Central_Demo,28.6139,77.209,49.71,110.51,25.87,75.47,4.3,synthetic_demo
2026-09-26 07:00:00,Delhi_Central_Demo,28.6139,77.209,75.21,125.01,26.07,58.7,1.09,synthetic_demo
2026-09-26 08:00:00,Delhi_Central_Demo,28.6139,77.209,76.04,129.7,25.78,50.74,1.16,synthetic_demo
2026-09-26 09:00:00,Delhi_Central_Demo,28.6139,77.209,72.65,161.4,29.05,55.89,0.82,synthetic_demo
2026-09-26 10:00:00,Delhi_Central_Demo,28.6139,77.209,97.74,147.64,29.42,43.82,3.39,synthetic_demo
2026-09-26 11:00:00,Delhi_Central_Demo,28.6139,77.209,82.2,113.05,29.59,63.82,4.01,synthetic_demo
2026-09-26 12:00:00,Delhi_Central_Demo,28.6139,77.209,89.02,145.68,34.58,43.0,1.69,synthetic_demo
2026-09-26 13:00:00,Delhi_Central_Demo,28.6139,77.209,92.04,150.57,32.17,53.99,4.03,synthetic_demo
2026-09-26 14:00:00,Delhi_Central_Demo,28.6139,77.209,82.33,118.12,31.63,58.89,2.59,synthetic_demo
2026-09-26 15:00:00,Delhi_Central_Demo,28.6139,77.209,90.96,122.41,29.49,54.94,0.77,synthetic_demo
2026-09-26 16:00:00,Delhi_Central_Demo,28.6139,77.209,77.36,161.49,28.24,53.49,5.0,synthetic_demo
2026-09-26 17:00:00,Delhi_Central_Demo,28.6139,77.209,73.97,120.54,28.26,52.81,0.81,synthetic_demo
2026-09-26 18:00:00,Delhi_Central_Demo,28.6139,77.209,86.37,120.69,24.95,54.58,1.78,synthetic_demo
2026-09-26 19:00:00,Delhi_Central_Demo,28.6139,77.209,56.62,104.24,23.98,51.1,1.69,synthetic_demo
2026-09-26 20:00:00,Delhi_Central_Demo,28.6139,77.209,37.18,55.67,21.21,54.06,1.47,synthetic_demo
2026-09-26 21:00:00,Delhi_Central_Demo,28.6139,77.209,72.11,107.22,19.54,70.66,0.29,synthetic_demo
2026-09-26 22:00:00,Delhi_Central_Demo,28.6139,77.209,76.94,129.38,16.83,59.85,6.95,synthetic_demo
2026-09-26 23:00:00,Delhi_Central_Demo,28.6139,77.209,43.92,44.82,15.27,55.52,0.34,synthetic_demo
2026-09-27 00:00:00,Delhi_Central_Demo,28.6139,77.209,26.43,47.32,17.61,56.04,5.21,synthetic_demo
2026-09-27 01:00:00,Delhi_Central_Demo,28.6139,77.209,41.98,99.51,18.32,68.48,0.96,synthetic_demo
2026-09-27 02:00:00,Delhi_Central_Demo,28.6139,77.209,43.03,75.08,17.01,66.0,1.25,synthetic_demo
2026-09-27 03:00:00,Delhi_Central_Demo,28.6139,77.209,46.25,64.91,20.0,62.98,4.87,synthetic_demo
2026-09-27 04:00:00,Delhi_Central_Demo,28.6139,77.209,40.58,53.77,21.58,55.33,2.79,synthetic_demo
2026-09-27 05:00:00,Delhi_Central_Demo,28.6139,77.209,62.15,88.95,19.95,63.12,0.57,synthetic_demo
2026-09-27 06:00:00,Delhi_Central_Demo,28.6139,77.209,67.0,99.28,23.63,50.81,0.56,synthetic_demo
2026-09-27 07:00:00,Delhi_Central_Demo,28.6139,77.209,52.61,74.74,27.42,51.23,2.51,synthetic_demo
2026-09-27 08:00:00,Delhi_Central_Demo,28.6139,77.209,80.35,141.04,29.08,59.9,0.8,synthetic_demo
2026-09-27 09:00:00,Delhi_Central_Demo,28.6139,77.209,99.32,122.75,28.22,59.74,2.89,synthetic_demo
2026-09-27 10:00:00,Delhi_Central_Demo,28.6139,77.209,85.2,147.58,31.3,42.73,3.1,synthetic_demo
2026-09-27 11:00:00,Delhi_Central_Demo,28.6139,77.209,83.75,122.98,33.3,42.35,1.05,synthetic_demo
2026-09-27 12:00:00,Delhi_Central_Demo,28.6139,77.209,88.06,143.27,33.17,50.15,1.31,synthetic_demo
2026-09-27 13:00:00,Delhi_Central_Demo,28.6139,77.209,96.54,129.36,31.62,64.18,2.57,synthetic_demo
2026-09-27 14:00:00,Delhi_Central_Demo,28.6139,77.209,72.51,136.3,30.36,35.92,1.01,synthetic_demo
2026-09-27 15:00:00,Delhi_Central_Demo,28.6139,77.209,89.44,161.06,29.01,54.42,2.13,synthetic_demo
2026-09-27 16:00:00,Delhi_Central_Demo,28.6139,77.209,80.59,142.18,29.2,41.05,8.32,synthetic_demo
2026-09-27 17:00:00,Delhi_Central_Demo,28.6139,77.209,98.61,125.59,27.1,48.45,2.66,synthetic_demo
2026-09-27 18:00:00,Delhi_Central_Demo,28.6139,77.209,73.3,128.53,25.94,51.42,1.48,synthetic_demo
2026-09-27 19:00:00,Delhi_Central_Demo,28.6139,77.209,86.24,140.96,23.39,52.77,7.42,synthetic_demo
2026-09-27 20:00:00,Delhi_Central_Demo,28.6139,77.209,53.05,53.33,22.73,52.32,3.56,synthetic_demo
2026-09-27 21:00:00,Delhi_Central_Demo,28.6139,77.209,64.88,100.13,20.19,58.42,0.81,synthetic_demo
2026-09-27 22:00:00,Delhi_Central_Demo,28.6139,77.209,57.89,96.29,20.11,54.14,0.96,synthetic_demo
2026-09-27 23:00:00,Delhi_Central_Demo,28.6139,77.209,42.75,76.27,19.54,47.12,0.38,synthetic_demo
2026-09-28 00:00:00,Delhi_Central_Demo,28.6139,77.209,51.27,82.66,16.79,66.98,2.53,synthetic_demo
2026-09-28 01:00:00,Delhi_Central_Demo,28.6139,77.209,61.13,99.99,15.53,67.65,0.23,synthetic_demo
2026-09-28 02:00:00,Delhi_Central_Demo,28.6139,77.209,46.77,99.02,21.25,64.37,7.41,synthetic_demo
2026-09-28 03:00:00,Delhi_Central_Demo,28.6139,77.209,35.56,77.18,20.44,45.87,1.63,synthetic_demo
2026-09-28 04:00:00,Delhi_Central_Demo,28.6139,77.209,56.07,35.3,18.93,61.64,3.71,synthetic_demo
2026-09-28 05:00:00,Delhi_Central_Demo,28.6139,77.209,52.05,74.97,22.12,62.43,1.51,synthetic_demo
2026-09-28 06:00:00,Delhi_Central_Demo,28.6139,77.209,63.24,95.06,26.16,45.94,2.5,synthetic_demo
2026-09-28 07:00:00,Delhi_Central_Demo,28.6139,77.209,71.83,79.79,26.39,54.1,1.8,synthetic_demo
2026-09-28 08:00:00,Delhi_Central_Demo,28.6139,77.209,61.57,97.12,27.73,52.16,2.08,synthetic_demo
2026-09-28 09:00:00,Delhi_Central_Demo,28.6139,77.209,68.06,127.98,32.05,64.8,4.52,synthetic_demo
2026-09-28 10:00:00,Delhi_Central_Demo,28.6139,77.209,93.89,125.97,29.49,67.25,6.02,synthetic_demo
2026-09-28 11:00:00,Delhi_Central_Demo,28.6139,77.209,87.63,141.89,30.56,37.79,5.72,synthetic_demo
2026-09-28 12:00:00,Delhi_Central_Demo,28.6139,77.209,69.71,91.56,32.32,69.83,12.0,synthetic_demo
2026-09-28 13:00:00,Delhi_Central_Demo,28.6139,77.209,104.25,149.49,32.35,42.54,1.11,synthetic_demo
2026-09-28 14:00:00,Delhi_Central_Demo,28.6139,77.209,98.67,179.54,31.81,58.08,2.68,synthetic_demo
2026-09-28 15:00:00,Delhi_Central_Demo,28.6139,77.209,86.91,124.95,31.32,58.34,1.13,synthetic_demo
2026-09-28 16:00:00,Delhi_Central_Demo,28.6139,77.209,77.69,128.73,28.8,44.38,4.4,synthetic_demo
2026-09-28 17:00:00,Delhi_Central_Demo,28.6139,77.209,94.96,113.5,27.55,57.16,0.85,synthetic_demo
2026-09-28 18:00:00,Delhi_Central_Demo,28.6139,77.209,85.08,165.4,24.61,54.41,4.57,synthetic_demo
2026-09-28 19:00:00,Delhi_Central_Demo,28.6139,77.209,100.02,165.88,23.28,60.64,2.33,synthetic_demo
2026-09-28 20:00:00,Delhi_Central_Demo,28.6139,77.209,75.0,112.96,21.66,59.18,1.88,synthetic_demo
2026-09-28 21:00:00,Delhi_Central_Demo,28.6139,77.209,69.66,118.33,20.37,67.81,2.05,synthetic_demo
2026-09-28 22:00:00,Delhi_Central_Demo,28.6139,77.209,59.84,67.38,20.1,59.04,0.72,synthetic_demo
2026-09-28 23:00:00,Delhi_Central_Demo,28.6139,77.209,66.47,124.32,19.07,57.81,0.78,synthetic_demo
2026-09-29 00:00:00,Delhi_Central_Demo,28.6139,77.209,62.64,91.26,18.07,68.62,2.36,synthetic_demo
2026-09-29 01:00:00,Delhi_Central_Demo,28.6139,77.209,68.44,102.41,17.02,65.23,2.35,synthetic_demo
2026-09-29 02:00:00,Delhi_Central_Demo,28.6139,77.209,51.74,71.34,19.04,65.03,1.18,synthetic_demo
2026-09-29 03:00:00,Delhi_Central_Demo,28.6139,77.209,55.06,74.9,20.01,53.18,1.61,synthetic_demo
2026-09-29 04:00:00,Delhi_Central_Demo,28.6139,77.209,58.39,103.01,21.79,48.89,2.84,synthetic_demo
2026-09-29 05:00:00,Delhi_Central_Demo,28.6139,77.209,75.91,122.26,26.5,49.41,1.01,synthetic_demo
2026-09-29 06:00:00,Delhi_Central_Demo,28.6139,77.209,88.55,148.98,24.21,50.58,0.34,synthetic_demo
2026-09-29 07:00:00,Delhi_Central_Demo,28.6139,77.209,74.92,115.96,27.45,59.58,5.37,synthetic_demo
2026-09-29 08:00:00,Delhi_Central_Demo,28.6139,77.209,81.2,135.09,30.1,59.24,2.49,synthetic_demo
2026-09-29 09:00:00,Delhi_Central_Demo,28.6139,77.209,94.13,138.36,30.1,50.19,1.36,synthetic_demo
2026-09-29 10:00:00,Delhi_Central_Demo,28.6139,77.209,93.32,184.78,34.57,59.75,1.13,synthetic_demo
2026-09-29 11:00:00,Delhi_Central_Demo,28.6139,77.209,109.01,140.75,31.19,61.61,1.0,synthetic_demo
2026-09-29 12:00:00,Delhi_Central_Demo,28.6139,77.209,79.39,145.75,32.49,51.71,4.38,synthetic_demo
2026-09-29 13:00:00,Delhi_Central_Demo,28.6139,77.209,94.6,171.25,30.56,44.53,0.61,synthetic_demo
2026-09-29 14:00:00,Delhi_Central_Demo,28.6139,77.209,94.49,131.12,30.53,63.73,2.68,synthetic_demo
2026-09-29 15:00:00,Delhi_Central_Demo,28.6139,77.209,77.1,159.64,30.32,50.79,2.67,synthetic_demo
2026-09-29 16:00:00,Delhi_Central_Demo,28.6139,77.209,87.36,153.32,29.77,52.67,3.44,synthetic_demo
2026-09-29 17:00:00,Delhi_Central_Demo,28.6139,77.209,83.46,146.84,27.29,50.68,1.47,synthetic_demo
2026-09-29 18:00:00,Delhi_Central_Demo,28.6139,77.209,85.46,132.96,26.89,46.56,5.07,synthetic_demo
2026-09-29 19:00:00,Delhi_Central_Demo,28.6139,77.209,93.06,140.33,23.05,44.62,3.51,synthetic_demo
2026-09-29 20:00:00,Delhi_Central_Demo,28.6139,77.209,73.93,110.82,21.0,62.86,1.43,synthetic_demo
2026-09-29 21:00:00,Delhi_Central_Demo,28.6139,77.209,60.9,101.42,24.11,49.36,1.09,synthetic_demo
2026-09-29 22:00:00,Delhi_Central_Demo,28.6139,77.209,66.21,127.84,19.53,83.31,1.8,synthetic_demo
2026-09-29 23:00:00,Delhi_Central_Demo,28.6139,77.209,73.89,117.79,17.16,51.8,1.39,synthetic_demo
2026-09-30 00:00:00,Delhi_Central_Demo,28.6139,77.209,51.54,63.48,16.96,50.57,0.94,synthetic_demo
2026-09-30 01:00:00,Delhi_Central_Demo,28.6139,77.209,51.54,94.72,16.82,64.8,2.12,synthetic_demo
2026-09-30 02:00:00,Delhi_Central_Demo,28.6139,77.209,67.06,120.53,20.34,70.49,1.62,synthetic_demo
2026-09-30 03:00:00,Delhi_Central_Demo,28.6139,77.209,61.53,107.16,19.5,59.36,5.89,synthetic_demo
2026-09-30 04:00:00,Delhi_Central_Demo,28.6139,77.209,73.78,127.78,21.69,61.89,1.39,synthetic_demo
2026-09-30 05:00:00,Delhi_Central_Demo,28.6139,77.209,71.77,106.37,23.09,41.59,1.08,synthetic_demo
2026-09-30 06:00:00,Delhi_Central_Demo,28.6139,77.209,84.27,113.9,26.1,48.81,2.02,synthetic_demo
2026-09-30 07:00:00,Delhi_Central_Demo,28.6139,77.209,72.63,96.94,25.54,46.03,2.43,synthetic_demo
2026-09-30 08:00:00,Delhi_Central_Demo,28.6139,77.209,88.57,107.84,26.89,38.52,2.57,synthetic_demo
2026-09-30 09:00:00,Delhi_Central_Demo,28.6139,77.209,91.89,146.7,30.29,52.24,2.55,synthetic_demo
2026-09-30 10:00:00,Delhi_Central_Demo,28.6139,77.209,86.39,132.41,31.96,32.18,2.07,synthetic_demo
2026-09-30 11:00:00,Delhi_Central_Demo,28.6139,77.209,86.4,125.99,32.26,39.34,1.96,synthetic_demo
2026-09-30 12:00:00,Delhi_Central_Demo,28.6139,77.209,111.06,118.94,30.79,46.65,3.11,synthetic_demo
2026-09-30 13:00:00,Delhi_Central_Demo,28.6139,77.209,101.4,134.72,32.78,42.91,0.86,synthetic_demo
2026-09-30 14:00:00,Delhi_Central_Demo,28.6139,77.209,93.89,165.7,29.95,54.71,1.08,synthetic_demo
2026-08-31 15:00:00,Delhi_East_Demo,28.628,77.295,79.1,129.37,29.06,49.43,2.95,synthetic_demo
2026-08-31 16:00:00,Delhi_East_Demo,28.628,77.295,92.02,110.08,31.39,64.32,1.29,synthetic_demo
2026-08-31 17:00:00,Delhi_East_Demo,28.628,77.295,77.27,81.47,26.29,59.39,4.74,synthetic_demo
2026-08-31 18:00:00,Delhi_East_Demo,28.628,77.295,77.17,144.31,25.2,50.38,1.11,synthetic_demo
2026-08-31 19:00:00,Delhi_East_Demo,28.628,77.295,86.64,150.57,22.46,56.23,1.57,synthetic_demo
2026-08-31 20:00:00,Delhi_East_Demo,28.628,77.295,75.51,98.16,23.98,55.49,2.29,synthetic_demo
2026-08-31 21:00:00,Delhi_East_Demo,28.628,77.295,71.46,110.72,19.89,52.43,0.86,synthetic_demo
2026-08-31 22:00:00,Delhi_East_Demo,28.628,77.295,43.8,86.24,19.16,52.93,0.42,synthetic_demo
2026-08-31 23:00:00,Delhi_East_Demo,28.628,77.295,76.67,126.39,20.04,66.55,1.87,synthetic_demo
2026-09-01 00:00:00,Delhi_East_Demo,28.628,77.295,44.47,71.6,18.88,55.93,3.19,synthetic_demo
2026-09-01 01:00:00,Delhi_East_Demo,28.628,77.295,71.21,130.09,18.16,51.03,3.03,synthetic_demo
2026-09-01 02:00:00,Delhi_East_Demo,28.628,77.295,67.16,90.95,20.6,57.73,1.01,synthetic_demo
2026-09-01 03:00:00,Delhi_East_Demo,28.628,77.295,65.19,101.61,23.86,56.74,0.61,synthetic_demo
2026-09-01 04:00:00,Delhi_East_Demo,28.628,77.295,54.63,84.36,21.98,41.34,0.87,synthetic_demo
2026-09-01 05:00:00,Delhi_East_Demo,28.628,77.295,69.52,102.84,23.36,55.82,1.52,synthetic_demo
2026-09-01 06:00:00,Delhi_East_Demo,28.628,77.295,68.85,99.71,25.26,61.76,0.72,synthetic_demo
2026-09-01 07:00:00,Delhi_East_Demo,28.628,77.295,79.8,125.0,28.78,55.97,2.65,synthetic_demo
2026-09-01 08:00:00,Delhi_East_Demo,28.628,77.295,82.95,129.19,27.6,71.02,5.85,synthetic_demo
2026-09-01 09:00:00,Delhi_East_Demo,28.628,77.295,70.6,90.56,29.53,61.84,6.41,synthetic_demo
2026-09-01 10:00:00,Delhi_East_Demo,28.628,77.295,106.99,180.27,28.76,63.96,4.23,synthetic_demo
2026-09-01 11:00:00,Delhi_East_Demo,28.628,77.295,98.68,135.38,29.99,73.91,2.72,synthetic_demo
2026-09-01 12:00:00,Delhi_East_Demo,28.628,77.295,97.06,146.51,31.22,56.71,0.72,synthetic_demo
2026-09-01 13:00:00,Delhi_East_Demo,28.628,77.295,97.26,145.44,31.68,51.63,0.58,synthetic_demo
2026-09-01 14:00:00,Delhi_East_Demo,28.628,77.295,105.9,170.59,33.72,56.69,3.76,synthetic_demo
2026-09-01 15:00:00,Delhi_East_Demo,28.628,77.295,91.37,103.48,30.75,46.5,0.84,synthetic_demo
2026-09-01 16:00:00,Delhi_East_Demo,28.628,77.295,74.44,131.42,27.13,54.37,0.85,synthetic_demo
2026-09-01 17:00:00,Delhi_East_Demo,28.628,77.295,96.68,137.67,25.72,49.31,2.16,synthetic_demo
2026-09-01 18:00:00,Delhi_East_Demo,28.628,77.295,92.66,165.58,27.06,56.74,5.88,synthetic_demo
2026-09-01 19:00:00,Delhi_East_Demo,28.628,77.295,79.93,115.29,24.88,49.87,5.02,synthetic_demo
2026-09-01 20:00:00,Delhi_East_Demo,28.628,77.295,64.9,99.72,21.54,51.93,2.11,synthetic_demo
2026-09-01 21:00:00,Delhi_East_Demo,28.628,77.295,72.1,146.2,19.39,62.24,4.31,synthetic_demo
2026-09-01 22:00:00,Delhi_East_Demo,28.628,77.295,52.13,75.81,20.63,56.96,2.99,synthetic_demo
2026-09-01 23:00:00,Delhi_East_Demo,28.628,77.295,53.12,104.64,16.75,45.36,1.27,synthetic_demo
2026-09-02 00:00:00,Delhi_East_Demo,28.628,77.295,53.79,84.08,18.59,47.84,1.2,synthetic_demo
2026-09-02 01:00:00,Delhi_East_Demo,28.628,77.295,69.08,114.56,21.65,48.17,6.5,synthetic_demo
2026-09-02 02:00:00,Delhi_East_Demo,28.628,77.295,57.85,90.93,19.25,51.96,3.01,synthetic_demo
2026-09-02 03:00:00,Delhi_East_Demo,28.628,77.295,59.27,107.13,18.89,62.59,0.48,synthetic_demo
2026-09-02 04:00:00,Delhi_East_Demo,28.628,77.295,86.85,122.28,22.12,58.77,0.8,synthetic_demo
2026-09-02 05:00:00,Delhi_East_Demo,28.628,77.295,75.44,99.21,22.48,65.28,7.57,synthetic_demo
2026-09-02 06:00:00,Delhi_East_Demo,28.628,77.295,80.65,113.51,22.91,62.49,1.06,synthetic_demo
2026-09-02 07:00:00,Delhi_East_Demo,28.628,77.295,79.28,124.68,27.86,61.57,0.86,synthetic_demo
2026-09-02 08:00:00,Delhi_East_Demo,28.628,77.295,82.72,124.25,30.18,56.24,4.63,synthetic_demo
2026-09-02 09:00:00,Delhi_East_Demo,28.628,77.295,72.14,124.6,29.48,53.54,0.43,synthetic_demo
2026-09-02 10:00:00,Delhi_East_Demo,28.628,77.295,108.24,191.25,30.5,59.95,1.45,synthetic_demo
2026-09-02 11:00:00,Delhi_East_Demo,28.628,77.295,106.51,147.53,30.32,58.63,1.2,synthetic_demo
2026-09-02 12:00:00,Delhi_East_Demo,28.628,77.295,102.41,145.52,31.78,53.27,6.2,synthetic_demo
2026-09-02 13:00:00,Delhi_East_Demo,28.628,77.295,103.54,134.63,30.92,61.03,1.72,synthetic_demo
2026-09-02 14:00:00,Delhi_East_Demo,28.628,77.295,111.47,209.33,29.55,33.05,0.94,synthetic_demo
2026-09-02 15:00:00,Delhi_East_Demo,28.628,77.295,86.3,139.26,32.79,47.22,1.67,synthetic_demo
2026-09-02 16:00:00,Delhi_East_Demo,28.628,77.295,92.38,151.83,29.2,49.61,2.08,synthetic_demo
2026-09-02 17:00:00,Delhi_East_Demo,28.628,77.295,82.28,103.41,27.67,62.35,1.19,synthetic_demo
2026-09-02 18:00:00,Delhi_East_Demo,28.628,77.295,105.96,164.22,26.33,66.64,1.21,synthetic_demo
2026-09-02 19:00:00,Delhi_East_Demo,28.628,77.295,91.2,150.53,24.34,43.86,1.82,synthetic_demo
2026-09-02 20:00:00,Delhi_East_Demo,28.628,77.295,54.61,80.1,20.88,69.17,1.39,synthetic_demo
2026-09-02 21:00:00,Delhi_East_Demo,28.628,77.295,56.07,106.27,20.46,48.81,2.23,synthetic_demo
2026-09-02 22:00:00,Delhi_East_Demo,28.628,77.295,65.19,142.66,18.53,50.4,1.6,synthetic_demo
2026-09-02 23:00:00,Delhi_East_Demo,28.628,77.295,58.15,73.09,18.9,57.4,5.73,synthetic_demo
2026-09-03 00:00:00,Delhi_East_Demo,28.628,77.295,47.28,54.89,18.51,57.0,2.29,synthetic_demo
2026-09-03 01:00:00,Delhi_East_Demo,28.628,77.295,79.06,106.74,17.66,47.67,1.98,synthetic_demo
2026-09-03 02:00:00,Delhi_East_Demo,28.628,77.295,63.31,127.04,16.94,65.84,1.75,synthetic_demo
2026-09-03 03:00:00,Delhi_East_Demo,28.628,77.295,66.95,122.54,20.27,63.75,1.6,synthetic_demo
2026-09-03 04:00:00,Delhi_East_Demo,28.628,77.295,58.59,88.37,21.19,66.1,0.71,synthetic_demo
2026-09-03 05:00:00,Delhi_East_Demo,28.628,77.295,77.09,120.14,20.35,54.79,3.58,synthetic_demo
2026-09-03 06:00:00,Delhi_East_Demo,28.628,77.295,71.16,95.6,25.76,54.15,5.01,synthetic_demo
2026-09-03 07:00:00,Delhi_East_Demo,28.628,77.295,77.61,136.31,28.26,52.47,1.38,synthetic_demo
2026-09-03 08:00:00,Delhi_East_Demo,28.628,77.295,92.02,135.8,32.29,63.4,4.35,synthetic_demo
2026-09-03 09:00:00,Delhi_East_Demo,28.628,77.295,74.7,111.1,29.36,29.27,8.89,synthetic_demo
2026-09-03 10:00:00,Delhi_East_Demo,28.628,77.295,111.28,183.44,30.25,43.67,6.88,synthetic_demo
2026-09-03 11:00:00,Delhi_East_Demo,28.628,77.295,100.38,152.21,30.1,51.48,4.87,synthetic_demo
2026-09-03 12:00:00,Delhi_East_Demo,28.628,77.295,113.32,171.41,32.31,41.2,0.8,synthetic_demo
2026-09-03 13:00:00,Delhi_East_Demo,28.628,77.295,90.25,140.07,32.06,47.99,0.79,synthetic_demo
2026-09-03 14:00:00,Delhi_East_Demo,28.628,77.295,90.76,154.99,29.85,50.6,3.22,synthetic_demo
2026-09-03 15:00:00,Delhi_East_Demo,28.628,77.295,85.9,162.79,29.69,46.46,2.08,synthetic_demo
2026-09-03 16:00:00,Delhi_East_Demo,28.628,77.295,96.26,159.74,25.53,55.14,0.28,synthetic_demo
2026-09-03 17:00:00,Delhi_East_Demo,28.628,77.295,89.58,153.31,28.2,57.78,1.51,synthetic_demo
2026-09-03 18:00:00,Delhi_East_Demo,28.628,77.295,78.69,118.38,23.84,53.92,3.12,synthetic_demo
2026-09-03 19:00:00,Delhi_East_Demo,28.628,77.295,67.22,91.45,23.14,52.68,1.84,synthetic_demo
2026-09-03 20:00:00,Delhi_East_Demo,28.628,77.295,58.71,102.77,19.36,57.62,2.09,synthetic_demo
2026-09-03 21:00:00,Delhi_East_Demo,28.628,77.295,65.3,104.29,19.18,59.02,0.79,synthetic_demo
2026-09-03 22:00:00,Delhi_East_Demo,28.628,77.295,56.28,61.62,18.52,45.61,1.49,synthetic_demo
2026-09-03 23:00:00,Delhi_East_Demo,28.628,77.295,50.28,72.03,18.22,63.44,3.23,synthetic_demo
2026-09-04 00:00:00,Delhi_East_Demo,28.628,77.295,70.12,107.19,18.72,55.79,1.43,synthetic_demo
2026-09-04 01:00:00,Delhi_East_Demo,28.628,77.295,52.77,72.61,20.4,68.31,4.59,synthetic_demo
2026-09-04 02:00:00,Delhi_East_Demo,28.628,77.295,66.75,130.13,20.04,63.2,2.13,synthetic_demo
2026-09-04 03:00:00,Delhi_East_Demo,28.628,77.295,50.61,87.09,21.49,66.82,2.81,synthetic_demo
2026-09-04 04:00:00,Delhi_East_Demo,28.628,77.295,61.59,120.19,23.67,47.84,3.18,synthetic_demo
2026-09-04 05:00:00,Delhi_East_Demo,28.628,77.295,62.85,102.16,24.04,52.7,3.09,synthetic_demo
2026-09-04 06:00:00,Delhi_East_Demo,28.628,77.295,51.43,81.19,24.94,45.1,0.93,synthetic_demo
2026-09-04 07:00:00,Delhi_East_Demo,28.628,77.295,88.09,119.68,28.33,47.03,1.07,synthetic_demo
2026-09-04 08:00:00,Delhi_East_Demo,28.628,77.295,77.86,120.89,30.11,61.44,0.28,synthetic_demo
2026-09-04 09:00:00,Delhi_East_Demo,28.628,77.295,91.68,142.35,30.92,62.75,1.63,synthetic_demo
2026-09-04 10:00:00,Delhi_East_Demo,28.628,77.295,80.97,100.89,28.88,43.1,1.01,synthetic_demo
2026-09-04 11:00:00,Delhi_East_Demo,28.628,77.295,90.05,129.86,30.5,47.48,1.4,synthetic_demo
2026-09-04 12:00:00,Delhi_East_Demo,28.628,77.295,84.94,125.84,31.59,49.78,1.76,synthetic_demo
2026-09-04 13:00:00,Delhi_East_Demo,28.628,77.295,106.44,172.42,32.93,54.13,2.33,synthetic_demo
2026-09-04 14:00:00,Delhi_East_Demo,28.628,77.295,96.17,157.36,31.03,36.7,1.86,synthetic_demo
2026-09-04 15:00:00,Delhi_East_Demo,28.628,77.295,94.25,135.63,31.66,37.52,1.84,synthetic_demo
2026-09-04 16:00:00,Delhi_East_Demo,28.628,77.295,100.4,164.06,30.47,55.09,2.65,synthetic_demo
2026-09-04 17:00:00,Delhi_East_Demo,28.628,77.295,93.56,141.75,28.61,36.88,2.02,synthetic_demo
2026-09-04 18:00:00,Delhi_East_Demo,28.628,77.295,84.09,78.69,26.81,50.16,3.76,synthetic_demo
2026-09-04 19:00:00,Delhi_East_Demo,28.628,77.295,56.28,78.5,21.63,58.65,2.03,synthetic_demo
2026-09-04 20:00:00,Delhi_East_Demo,28.628,77.295,57.6,108.7,22.22,60.27,5.48,synthetic_demo
2026-09-04 21:00:00,Delhi_East_Demo,28.628,77.295,48.97,45.64,19.14,57.97,0.89,synthetic_demo
2026-09-04 22:00:00,Delhi_East_Demo,28.628,77.295,61.5,97.35,16.46,58.05,1.61,synthetic_demo
2026-09-04 23:00:00,Delhi_East_Demo,28.628,77.295,52.21,109.46,17.81,66.79,1.23,synthetic_demo
2026-09-05 00:00:00,Delhi_East_Demo,28.628,77.295,34.19,39.3,19.99,60.79,2.4,synthetic_demo
2026-09-05 01:00:00,Delhi_East_Demo,28.628,77.295,45.25,70.17,18.93,54.07,0.89,synthetic_demo
2026-09-05 02:00:00,Delhi_East_Demo,28.628,77.295,32.74,27.28,21.96,57.43,0.57,synthetic_demo
2026-09-05 03:00:00,Delhi_East_Demo,28.628,77.295,49.16,105.49,20.32,61.34,1.05,synthetic_demo
2026-09-05 04:00:00,Delhi_East_Demo,28.628,77.295,36.45,55.0,25.17,68.63,0.61,synthetic_demo
2026-09-05 05:00:00,Delhi_East_Demo,28.628,77.295,62.68,97.99,23.45,62.37,1.78,synthetic_demo
2026-09-05 06:00:00,Delhi_East_Demo,28.628,77.295,66.31,127.16,25.03,64.69,2.33,synthetic_demo
2026-09-05 07:00:00,Delhi_East_Demo,28.628,77.295,87.15,146.99,24.89,50.19,0.49,synthetic_demo
2026-09-05 08:00:00,Delhi_East_Demo,28.628,77.295,82.1,111.49,30.17,47.19,1.53,synthetic_demo
2026-09-05 09:00:00,Delhi_East_Demo,28.628,77.295,74.56,103.92,29.2,50.18,4.1,synthetic_demo
2026-09-05 10:00:00,Delhi_East_Demo,28.628,77.295,91.4,150.59,30.09,50.29,4.91,synthetic_demo
2026-09-05 11:00:00,Delhi_East_Demo,28.628,77.295,72.63,101.34,33.68,40.86,3.41,synthetic_demo
2026-09-05 12:00:00,Delhi_East_Demo,28.628,77.295,79.07,84.46,33.74,59.01,0.17,synthetic_demo
2026-09-05 13:00:00,Delhi_East_Demo,28.628,77.295,92.69,142.71,33.46,56.15,2.18,synthetic_demo
2026-09-05 14:00:00,Delhi_East_Demo,28.628,77.295,66.94,77.11,30.52,48.69,4.42,synthetic_demo
2026-09-05 15:00:00,Delhi_East_Demo,28.628,77.295,85.88,162.21,29.87,56.72,1.41,synthetic_demo
2026-09-05 16:00:00,Delhi_East_Demo,28.628,77.295,72.49,115.55,28.41,54.4,0.72,synthetic_demo
2026-09-05 17:00:00,Delhi_East_Demo,28.628,77.295,79.1,106.32,27.99,58.67,4.21,synthetic_demo
2026-09-05 18:00:00,Delhi_East_Demo,28.628,77.295,61.97,83.47,27.33,42.61,4.62,synthetic_demo
2026-09-05 19:00:00,Delhi_East_Demo,28.628,77.295,71.26,76.45,23.74,54.72,2.01,synthetic_demo
2026-09-05 20:00:00,Delhi_East_Demo,28.628,77.295,61.5,75.54,24.46,54.91,0.73,synthetic_demo
2026-09-05 21:00:00,Delhi_East_Demo,28.628,77.295,70.0,126.8,21.4,62.51,0.43,synthetic_demo
2026-09-05 22:00:00,Delhi_East_Demo,28.628,77.295,51.52,120.02,18.59,54.46,2.57,synthetic_demo
2026-09-05 23:00:00,Delhi_East_Demo,28.628,77.295,40.28,75.51,19.48,38.86,1.23,synthetic_demo
2026-09-06 00:00:00,Delhi_East_Demo,28.628,77.295,43.33,65.51,20.56,49.46,1.92,synthetic_demo
2026-09-06 01:00:00,Delhi_East_Demo,28.628,77.295,31.65,41.28,21.24,57.15,1.77,synthetic_demo
2026-09-06 02:00:00,Delhi_East_Demo,28.628,77.295,49.95,60.21,20.72,58.51,1.0,synthetic_demo
2026-09-06 03:00:00,Delhi_East_Demo,28.628,77.295,54.05,120.85,20.09,71.91,0.41,synthetic_demo
2026-09-06 04:00:00,Delhi_East_Demo,28.628,77.295,76.41,115.04,21.17,62.34,1.44,synthetic_demo
2026-09-06 05:00:00,Delhi_East_Demo,28.628,77.295,50.14,115.79,24.05,56.32,2.24,synthetic_demo
2026-09-06 06:00:00,Delhi_East_Demo,28.628,77.295,59.08,116.65,27.51,52.98,2.32,synthetic_demo
2026-09-06 07:00:00,Delhi_East_Demo,28.628,77.295,61.8,64.45,27.46,62.11,1.17,synthetic_demo
2026-09-06 08:00:00,Delhi_East_Demo,28.628,77.295,75.48,105.01,29.18,47.35,4.56,synthetic_demo
2026-09-06 09:00:00,Delhi_East_Demo,28.628,77.295,82.61,116.0,30.03,50.36,0.8,synthetic_demo
2026-09-06 10:00:00,Delhi_East_Demo,28.628,77.295,82.95,127.13,30.57,42.39,3.89,synthetic_demo
2026-09-06 11:00:00,Delhi_East_Demo,28.628,77.295,97.99,150.8,31.52,61.79,2.19,synthetic_demo
2026-09-06 12:00:00,Delhi_East_Demo,28.628,77.295,83.31,183.06,32.2,53.1,1.45,synthetic_demo
2026-09-06 13:00:00,Delhi_East_Demo,28.628,77.295,100.25,136.0,34.34,42.8,2.81,synthetic_demo
2026-09-06 14:00:00,Delhi_East_Demo,28.628,77.295,95.2,151.68,30.7,50.09,1.69,synthetic_demo
2026-09-06 15:00:00,Delhi_East_Demo,28.628,77.295,87.68,147.0,30.03,55.56,0.56,synthetic_demo
2026-09-06 16:00:00,Delhi_East_Demo,28.628,77.295,81.34,126.05,27.2,51.45,0.75,synthetic_demo
2026-09-06 17:00:00,Delhi_East_Demo,28.628,77.295,104.4,163.81,27.89,48.7,1.61,synthetic_demo
2026-09-06 18:00:00,Delhi_East_Demo,28.628,77.295,66.87,84.84,27.05,48.33,1.31,synthetic_demo
2026-09-06 19:00:00,Delhi_East_Demo,28.628,77.295,72.54,114.35,25.63,57.27,3.83,synthetic_demo
2026-09-06 20:00:00,Delhi_East_Demo,28.628,77.295,56.59,96.91,21.81,54.37,1.26,synthetic_demo
2026-09-06 21:00:00,Delhi_East_Demo,28.628,77.295,76.87,125.04,20.91,54.23,1.2,synthetic_demo
2026-09-06 22:00:00,Delhi_East_Demo,28.628,77.295,63.56,108.78,18.71,48.72,1.07,synthetic_demo
2026-09-06 23:00:00,Delhi_East_Demo,28.628,77.295,44.66,94.65,19.03,59.8,1.0,synthetic_demo
2026-09-07 00:00:00,Delhi_East_Demo,28.628,77.295,54.62,101.53,18.47,58.12,1.03,synthetic_demo
2026-09-07 01:00:00,Delhi_East_Demo,28.628,77.295,51.58,81.23,18.33,57.1,0.65,synthetic_demo
2026-09-07 02:00:00,Delhi_East_Demo,28.628,77.295,44.85,48.42,19.14,60.69,2.26,synthetic_demo
2026-09-07 03:00:00,Delhi_East_Demo,28.628,77.295,60.06,82.29,20.73,63.97,1.8,synthetic_demo
2026-09-07 04:00:00,Delhi_East_Demo,28.628,77.295,60.14,89.26,21.06,63.37,1.74,synthetic_demo
2026-09-07 05:00:00,Delhi_East_Demo,28.628,77.295,63.23,102.56,22.82,60.94,0.46,synthetic_demo
2026-09-07 06:00:00,Delhi_East_Demo,28.628,77.295,66.24,94.07,27.56,51.28,2.64,synthetic_demo
2026-09-07 07:00:00,Delhi_East_Demo,28.628,77.295,76.95,102.43,30.88,46.35,2.83,synthetic_demo
2026-09-07 08:00:00,Delhi_East_Demo,28.628,77.295,80.92,104.03,26.69,45.46,5.31,synthetic_demo
2026-09-07 09:00:00,Delhi_East_Demo,28.628,77.295,84.81,101.74,28.06,48.11,2.73,synthetic_demo
2026-09-07 10:00:00,Delhi_East_Demo,28.628,77.295,82.66,123.89,29.63,51.92,6.02,synthetic_demo
2026-09-07 11:00:00,Delhi_East_Demo,28.628,77.295,109.8,143.73,31.61,44.09,1.15,synthetic_demo
2026-09-07 12:00:00,Delhi_East_Demo,28.628,77.295,84.85,113.51,33.34,49.93,5.5,synthetic_demo
2026-09-07 13:00:00,Delhi_East_Demo,28.628,77.295,100.68,148.96,32.65,41.92,2.79,synthetic_demo
2026-09-07 14:00:00,Delhi_East_Demo,28.628,77.295,92.75,119.71,31.32,37.29,2.55,synthetic_demo
2026-09-07 15:00:00,Delhi_East_Demo,28.628,77.295,111.65,179.89,30.74,57.54,1.71,synthetic_demo
2026-09-07 16:00:00,Delhi_East_Demo,28.628,77.295,81.82,140.15,27.46,49.48,1.45,synthetic_demo
2026-09-07 17:00:00,Delhi_East_Demo,28.628,77.295,79.25,112.94,26.45,47.29,1.22,synthetic_demo
2026-09-07 18:00:00,Delhi_East_Demo,28.628,77.295,71.89,103.57,24.97,46.27,5.62,synthetic_demo
2026-09-07 19:00:00,Delhi_East_Demo,28.628,77.295,79.43,132.79,20.81,61.32,1.67,synthetic_demo
2026-09-07 20:00:00,Delhi_East_Demo,28.628,77.295,57.06,75.6,19.76,69.67,2.82,synthetic_demo
2026-09-07 21:00:00,Delhi_East_Demo,28.628,77.295,60.99,80.45,18.37,56.42,3.26,synthetic_demo
2026-09-07 22:00:00,Delhi_East_Demo,28.628,77.295,39.99,83.52,20.08,56.72,3.23,synthetic_demo
2026-09-07 23:00:00,Delhi_East_Demo,28.628,77.295,60.71,110.02,18.61,68.05,2.26,synthetic_demo
2026-09-08 00:00:00,Delhi_East_Demo,28.628,77.295,51.39,90.48,18.92,44.77,5.43,synthetic_demo
2026-09-08 01:00:00,Delhi_East_Demo,28.628,77.295,41.04,80.28,15.48,77.4,2.67,synthetic_demo
2026-09-08 02:00:00,Delhi_East_Demo,28.628,77.295,67.8,69.51,16.71,80.35,1.2,synthetic_demo
2026-09-08 03:00:00,Delhi_East_Demo,28.628,77.295,46.34,96.2,21.05,36.12,1.5,synthetic_demo
2026-09-08 04:00:00,Delhi_East_Demo,28.628,77.295,71.15,117.34,17.33,59.59,0.48,synthetic_demo
2026-09-08 05:00:00,Delhi_East_Demo,28.628,77.295,60.99,112.73,25.03,49.23,2.44,synthetic_demo
2026-09-08 06:00:00,Delhi_East_Demo,28.628,77.295,89.58,145.81,22.27,54.8,2.99,synthetic_demo
2026-09-08 07:00:00,Delhi_East_Demo,28.628,77.295,87.0,135.73,28.08,49.5,3.17,synthetic_demo
2026-09-08 08:00:00,Delhi_East_Demo,28.628,77.295,75.36,111.86,27.17,59.98,2.79,synthetic_demo
2026-09-08 09:00:00,Delhi_East_Demo,28.628,77.295,81.82,133.43,31.52,49.53,1.72,synthetic_demo
2026-09-08 10:00:00,Delhi_East_Demo,28.628,77.295,101.83,152.22,35.87,40.1,1.97,synthetic_demo
2026-09-08 11:00:00,Delhi_East_Demo,28.628,77.295,96.87,165.77,28.35,51.28,1.97,synthetic_demo
2026-09-08 12:00:00,Delhi_East_Demo,28.628,77.295,100.21,126.78,33.04,53.49,3.84,synthetic_demo
2026-09-08 13:00:00,Delhi_East_Demo,28.628,77.295,115.59,169.41,29.05,42.7,0.31,synthetic_demo
2026-09-08 14:00:00,Delhi_East_Demo,28.628,77.295,94.83,183.79,31.7,37.14,1.37,synthetic_demo
2026-09-08 15:00:00,Delhi_East_Demo,28.628,77.295,101.22,145.62,29.64,67.69,0.84,synthetic_demo
2026-09-08 16:00:00,Delhi_East_Demo,28.628,77.295,106.54,160.84,28.69,47.27,6.89,synthetic_demo
2026-09-08 17:00:00,Delhi_East_Demo,28.628,77.295,100.7,140.2,25.44,53.59,4.35,synthetic_demo
2026-09-08 18:00:00,Delhi_East_Demo,28.628,77.295,85.87,139.15,26.17,51.0,1.42,synthetic_demo
2026-09-08 19:00:00,Delhi_East_Demo,28.628,77.295,79.04,109.26,21.02,62.17,0.59,synthetic_demo
2026-09-08 20:00:00,Delhi_East_Demo,28.628,77.295,58.99,88.09,23.36,70.33,0.75,synthetic_demo
2026-09-08 21:00:00,Delhi_East_Demo,28.628,77.295,60.65,109.28,19.44,63.53,3.8,synthetic_demo
2026-09-08 22:00:00,Delhi_East_Demo,28.628,77.295,69.96,95.86,16.83,48.57,0.47,synthetic_demo
2026-09-08 23:00:00,Delhi_East_Demo,28.628,77.295,62.02,110.32,20.63,46.99,1.99,synthetic_demo
2026-09-09 00:00:00,Delhi_East_Demo,28.628,77.295,62.05,110.98,17.9,56.78,3.39,synthetic_demo
2026-09-09 01:00:00,Delhi_East_Demo,28.628,77.295,71.04,129.1,21.1,55.58,0.68,synthetic_demo
2026-09-09 02:00:00,Delhi_East_Demo,28.628,77.295,49.6,79.42,20.77,44.19,1.97,synthetic_demo
2026-09-09 03:00:00,Delhi_East_Demo,28.628,77.295,61.39,153.49,18.85,65.86,1.44,synthetic_demo
2026-09-09 04:00:00,Delhi_East_Demo,28.628,77.295,69.19,126.23,21.37,48.85,1.29,synthetic_demo
2026-09-09 05:00:00,Delhi_East_Demo,28.628,77.295,64.87,106.39,23.37,68.09,1.12,synthetic_demo
2026-09-09 06:00:00,Delhi_East_Demo,28.628,77.295,91.57,126.17,27.29,67.96,3.59,synthetic_demo
2026-09-09 07:00:00,Delhi_East_Demo,28.628,77.295,92.06,140.95,27.47,51.29,4.97,synthetic_demo
2026-09-09 08:00:00,Delhi_East_Demo,28.628,77.295,91.59,167.64,28.76,55.88,1.61,synthetic_demo
2026-09-09 09:00:00,Delhi_East_Demo,28.628,77.295,111.94,204.28,29.65,41.89,2.55,synthetic_demo
2026-09-09 10:00:00,Delhi_East_Demo,28.628,77.295,83.56,156.13,30.99,55.8,2.01,synthetic_demo
2026-09-09 11:00:00,Delhi_East_Demo,28.628,77.295,101.95,172.16,33.72,44.91,0.36,synthetic_demo
2026-09-09 12:00:00,Delhi_East_Demo,28.628,77.295,107.86,144.59,32.01,41.4,1.57,synthetic_demo
2026-09-09 13:00:00,Delhi_East_Demo,28.628,77.295,95.77,157.2,31.17,48.37,0.29,synthetic_demo
2026-09-09 14:00:00,Delhi_East_Demo,28.628,77.295,107.12,143.69,30.22,47.62,1.34,synthetic_demo
2026-09-09 15:00:00,Delhi_East_Demo,28.628,77.295,90.79,113.94,29.12,49.52,1.93,synthetic_demo
2026-09-09 16:00:00,Delhi_East_Demo,28.628,77.295,105.19,167.35,26.4,61.62,3.21,synthetic_demo
2026-09-09 17:00:00,Delhi_East_Demo,28.628,77.295,104.22,170.96,25.69,48.24,2.39,synthetic_demo
2026-09-09 18:00:00,Delhi_East_Demo,28.628,77.295,90.97,157.26,27.25,67.31,3.65,synthetic_demo
2026-09-09 19:00:00,Delhi_East_Demo,28.628,77.295,63.92,108.02,22.88,45.88,0.98,synthetic_demo
2026-09-09 20:00:00,Delhi_East_Demo,28.628,77.295,66.97,113.37,22.56,69.63,4.56,synthetic_demo
2026-09-09 21:00:00,Delhi_East_Demo,28.628,77.295,76.85,101.4,16.33,52.94,4.97,synthetic_demo
2026-09-09 22:00:00,Delhi_East_Demo,28.628,77.295,66.73,101.54,19.79,58.64,0.27,synthetic_demo
2026-09-09 23:00:00,Delhi_East_Demo,28.628,77.295,35.94,28.57,18.0,55.98,0.44,synthetic_demo
2026-09-10 00:00:00,Delhi_East_Demo,28.628,77.295,72.95,77.01,17.28,57.66,1.9,synthetic_demo
2026-09-10 01:00:00,Delhi_East_Demo,28.628,77.295,60.98,107.85,18.51,65.95,1.26,synthetic_demo
2026-09-10 02:00:00,Delhi_East_Demo,28.628,77.295,52.0,67.04,18.19,71.76,1.43,synthetic_demo
2026-09-10 03:00:00,Delhi_East_Demo,28.628,77.295,72.15,127.54,16.86,70.22,2.38,synthetic_demo
2026-09-10 04:00:00,Delhi_East_Demo,28.628,77.295,58.73,110.98,22.88,53.24,3.75,synthetic_demo
2026-09-10 05:00:00,Delhi_East_Demo,28.628,77.295,62.98,86.47,23.55,57.49,0.93,synthetic_demo
2026-09-10 06:00:00,Delhi_East_Demo,28.628,77.295,78.55,132.37,24.53,49.07,4.17,synthetic_demo
2026-09-10 07:00:00,Delhi_East_Demo,28.628,77.295,98.25,140.39,25.36,46.81,1.11,synthetic_demo
2026-09-10 08:00:00,Delhi_East_Demo,28.628,77.295,102.15,125.1,26.3,44.92,7.49,synthetic_demo
2026-09-10 09:00:00,Delhi_East_Demo,28.628,77.295,94.59,148.83,30.29,47.8,4.59,synthetic_demo
2026-09-10 10:00:00,Delhi_East_Demo,28.628,77.295,99.93,146.42,33.48,51.06,1.2,synthetic_demo
2026-09-10 11:00:00,Delhi_East_Demo,28.628,77.295,106.47,157.11,32.07,34.76,0.6,synthetic_demo
2026-09-10 12:00:00,Delhi_East_Demo,28.628,77.295,87.94,171.86,29.93,51.18,1.18,synthetic_demo
2026-09-10 13:00:00,Delhi_East_Demo,28.628,77.295,107.44,139.07,32.1,62.16,1.05,synthetic_demo
2026-09-10 14:00:00,Delhi_East_Demo,28.628,77.295,92.65,150.5,30.98,59.79,2.94,synthetic_demo
2026-09-10 15:00:00,Delhi_East_Demo,28.628,77.295,100.71,138.19,31.25,45.95,0.28,synthetic_demo
2026-09-10 16:00:00,Delhi_East_Demo,28.628,77.295,91.48,158.14,29.41,40.74,0.45,synthetic_demo
2026-09-10 17:00:00,Delhi_East_Demo,28.628,77.295,93.93,150.97,22.33,60.55,2.89,synthetic_demo
2026-09-10 18:00:00,Delhi_East_Demo,28.628,77.295,84.52,137.83,25.82,35.89,1.01,synthetic_demo
2026-09-10 19:00:00,Delhi_East_Demo,28.628,77.295,46.63,55.26,21.68,66.2,1.36,synthetic_demo
2026-09-10 20:00:00,Delhi_East_Demo,28.628,77.295,73.17,99.63,19.37,57.23,3.38,synthetic_demo
2026-09-10 21:00:00,Delhi_East_Demo,28.628,77.295,72.2,128.6,19.77,73.31,3.86,synthetic_demo
2026-09-10 22:00:00,Delhi_East_Demo,28.628,77.295,65.39,133.23,19.55,45.0,4.44,synthetic_demo
2026-09-10 23:00:00,Delhi_East_Demo,28.628,77.295,56.11,95.62,15.78,68.8,3.19,synthetic_demo
2026-09-11 00:00:00,Delhi_East_Demo,28.628,77.295,71.07,94.0,19.06,58.36,1.67,synthetic_demo
2026-09-11 01:00:00,Delhi_East_Demo,28.628,77.295,56.71,94.0,19.38,56.28,1.57,synthetic_demo
2026-09-11 02:00:00,Delhi_East_Demo,28.628,77.295,58.43,134.25,19.01,48.24,1.43,synthetic_demo
2026-09-11 03:00:00,Delhi_East_Demo,28.628,77.295,66.39,104.75,18.75,64.14,0.69,synthetic_demo
2026-09-11 04:00:00,Delhi_East_Demo,28.628,77.295,62.77,123.61,20.03,63.89,0.9,synthetic_demo
2026-09-11 05:00:00,Delhi_East_Demo,28.628,77.295,54.42,71.03,24.73,69.47,4.06,synthetic_demo
2026-09-11 06:00:00,Delhi_East_Demo,28.628,77.295,44.03,67.48,22.73,64.65,1.1,synthetic_demo
2026-09-11 07:00:00,Delhi_East_Demo,28.628,77.295,69.04,118.16,28.41,47.86,0.69,synthetic_demo
2026-09-11 08:00:00,Delhi_East_Demo,28.628,77.295,86.82,141.72,28.25,44.69,4.29,synthetic_demo
2026-09-11 09:00:00,Delhi_East_Demo,28.628,77.295,80.69,111.27,29.81,40.69,2.28,synthetic_demo
2026-09-11 10:00:00,Delhi_East_Demo,28.628,77.295,96.5,135.0,28.5,64.34,5.7,synthetic_demo
2026-09-11 11:00:00,Delhi_East_Demo,28.628,77.295,93.18,162.22,31.54,44.2,5.31,synthetic_demo
2026-09-11 12:00:00,Delhi_East_Demo,28.628,77.295,106.49,186.51,32.92,61.3,0.75,synthetic_demo
2026-09-11 13:00:00,Delhi_East_Demo,28.628,77.295,91.13,168.46,29.76,55.87,1.81,synthetic_demo
2026-09-11 14:00:00,Delhi_East_Demo,28.628,77.295,97.73,183.95,31.81,52.87,0.84,synthetic_demo
2026-09-11 15:00:00,Delhi_East_Demo,28.628,77.295,95.64,150.67,30.08,48.99,0.84,synthetic_demo
2026-09-11 16:00:00,Delhi_East_Demo,28.628,77.295,101.83,152.24,27.53,58.51,1.4,synthetic_demo
2026-09-11 17:00:00,Delhi_East_Demo,28.628,77.295,64.93,124.96,28.09,52.71,3.0,synthetic_demo
2026-09-11 18:00:00,Delhi_East_Demo,28.628,77.295,71.85,124.21,21.7,54.36,3.02,synthetic_demo
2026-09-11 19:00:00,Delhi_East_Demo,28.628,77.295,78.98,104.73,23.71,61.47,2.76,synthetic_demo
2026-09-11 20:00:00,Delhi_East_Demo,28.628,77.295,80.01,105.42,23.93,54.6,1.67,synthetic_demo
2026-09-11 21:00:00,Delhi_East_Demo,28.628,77.295,61.41,104.04,22.21,50.57,3.13,synthetic_demo
2026-09-11 22:00:00,Delhi_East_Demo,28.628,77.295,51.3,76.32,19.52,63.63,0.68,synthetic_demo
2026-09-11 23:00:00,Delhi_East_Demo,28.628,77.295,58.08,89.54,17.79,59.54,2.3,synthetic_demo
2026-09-12 00:00:00,Delhi_East_Demo,28.628,77.295,56.78,107.31,17.05,64.48,1.98,synthetic_demo
2026-09-12 01:00:00,Delhi_East_Demo,28.628,77.295,43.54,81.15,17.78,56.42,1.59,synthetic_demo
2026-09-12 02:00:00,Delhi_East_Demo,28.628,77.295,50.99,102.97,19.75,49.0,2.37,synthetic_demo
2026-09-12 03:00:00,Delhi_East_Demo,28.628,77.295,61.5,60.55,18.84,73.19,0.86,synthetic_demo
2026-09-12 04:00:00,Delhi_East_Demo,28.628,77.295,71.91,116.02,22.64,69.03,2.84,synthetic_demo
2026-09-12 05:00:00,Delhi_East_Demo,28.628,77.295,64.82,112.97,26.39,61.1,1.94,synthetic_demo
2026-09-12 06:00:00,Delhi_East_Demo,28.628,77.295,62.97,70.13,24.91,51.96,0.49,synthetic_demo
2026-09-12 07:00:00,Delhi_East_Demo,28.628,77.295,67.53,92.88,24.8,52.74,1.91,synthetic_demo
2026-09-12 08:00:00,Delhi_East_Demo,28.628,77.295,79.2,107.62,26.48,65.02,1.27,synthetic_demo
2026-09-12 09:00:00,Delhi_East_Demo,28.628,77.295,77.64,120.73,31.11,47.89,4.13,synthetic_demo
2026-09-12 10:00:00,Delhi_East_Demo,28.628,77.295,85.12,161.24,30.97,45.76,0.73,synthetic_demo
2026-09-12 11:00:00,Delhi_East_Demo,28.628,77.295,76.03,154.25,33.08,64.32,0.75,synthetic_demo
2026-09-12 12:00:00,Delhi_East_Demo,28.628,77.295,101.67,142.93,31.2,50.28,2.59,synthetic_demo
2026-09-12 13:00:00,Delhi_East_Demo,28.628,77.295,77.95,130.31,33.01,63.54,1.72,synthetic_demo
2026-09-12 14:00:00,Delhi_East_Demo,28.628,77.295,84.2,140.57,30.82,39.74,1.66,synthetic_demo
2026-09-12 15:00:00,Delhi_East_Demo,28.628,77.295,87.23,142.18,28.85,56.45,7.52,synthetic_demo
2026-09-12 16:00:00,Delhi_East_Demo,28.628,77.295,102.61,166.22,27.9,69.54,3.07,synthetic_demo
2026-09-12 17:00:00,Delhi_East_Demo,28.628,77.295,73.86,119.95,25.02,55.23,1.5,synthetic_demo
2026-09-12 18:00:00,Delhi_East_Demo,28.628,77.295,66.08,132.81,27.98,50.8,0.43,synthetic_demo
2026-09-12 19:00:00,Delhi_East_Demo,28.628,77.295,61.51,115.19,23.04,47.03,1.43,synthetic_demo
2026-09-12 20:00:00,Delhi_East_Demo,28.628,77.295,77.9,101.66,22.47,65.43,0.66,synthetic_demo
2026-09-12 21:00:00,Delhi_East_Demo,28.628,77.295,27.88,57.53,19.24,52.87,0.91,synthetic_demo
2026-09-12 22:00:00,Delhi_East_Demo,28.628,77.295,41.42,80.27,17.36,59.59,0.93,synthetic_demo
2026-09-12 23:00:00,Delhi_East_Demo,28.628,77.295,75.28,122.36,17.89,50.1,3.91,synthetic_demo
2026-09-13 00:00:00,Delhi_East_Demo,28.628,77.295,51.71,100.51,19.65,71.2,0.54,synthetic_demo
2026-09-13 01:00:00,Delhi_East_Demo,28.628,77.295,34.03,56.13,17.46,69.52,3.65,synthetic_demo
2026-09-13 02:00:00,Delhi_East_Demo,28.628,77.295,45.47,74.09,17.63,59.9,2.67,synthetic_demo
2026-09-13 03:00:00,Delhi_East_Demo,28.628,77.295,48.82,77.86,20.28,49.07,2.64,synthetic_demo
2026-09-13 04:00:00,Delhi_East_Demo,28.628,77.295,60.18,56.95,22.25,69.21,0.87,synthetic_demo
2026-09-13 05:00:00,Delhi_East_Demo,28.628,77.295,74.75,114.42,25.65,51.62,3.32,synthetic_demo
2026-09-13 06:00:00,Delhi_East_Demo,28.628,77.295,65.64,89.71,25.53,45.79,0.79,synthetic_demo
2026-09-13 07:00:00,Delhi_East_Demo,28.628,77.295,62.16,74.98,27.78,38.96,5.03,synthetic_demo
2026-09-13 08:00:00,Delhi_East_Demo,28.628,77.295,81.23,151.72,29.58,46.63,3.97,synthetic_demo
2026-09-13 09:00:00,Delhi_East_Demo,28.628,77.295,71.81,120.38,28.22,41.11,5.6,synthetic_demo
2026-09-13 10:00:00,Delhi_East_Demo,28.628,77.295,73.15,112.85,29.62,46.79,1.99,synthetic_demo
2026-09-13 11:00:00,Delhi_East_Demo,28.628,77.295,69.53,97.6,30.14,57.36,1.72,synthetic_demo
2026-09-13 12:00:00,Delhi_East_Demo,28.628,77.295,73.83,119.76,30.0,48.5,1.4,synthetic_demo
2026-09-13 13:00:00,Delhi_East_Demo,28.628,77.295,81.43,144.06,32.95,52.28,7.42,synthetic_demo
2026-09-13 14:00:00,Delhi_East_Demo,28.628,77.295,78.04,106.07,31.5,44.67,2.98,synthetic_demo
2026-09-13 15:00:00,Delhi_East_Demo,28.628,77.295,90.93,140.86,30.07,51.97,0.67,synthetic_demo
2026-09-13 16:00:00,Delhi_East_Demo,28.628,77.295,72.5,128.0,24.61,70.64,4.65,synthetic_demo
2026-09-13 17:00:00,Delhi_East_Demo,28.628,77.295,48.7,40.64,29.89,48.79,1.67,synthetic_demo
2026-09-13 18:00:00,Delhi_East_Demo,28.628,77.295,64.6,99.09,23.66,59.01,0.11,synthetic_demo
2026-09-13 19:00:00,Delhi_East_Demo,28.628,77.295,64.84,92.77,26.27,41.59,1.05,synthetic_demo
2026-09-13 20:00:00,Delhi_East_Demo,28.628,77.295,58.03,87.54,19.33,71.13,3.97,synthetic_demo
2026-09-13 21:00:00,Delhi_East_Demo,28.628,77.295,74.21,105.99,18.83,55.5,2.68,synthetic_demo
2026-09-13 22:00:00,Delhi_East_Demo,28.628,77.295,48.56,77.74,15.63,69.96,3.06,synthetic_demo
2026-09-13 23:00:00,Delhi_East_Demo,28.628,77.295,60.25,128.01,18.78,58.37,4.62,synthetic_demo
2026-09-14 00:00:00,Delhi_East_Demo,28.628,77.295,49.3,70.59,16.35,65.95,0.36,synthetic_demo
2026-09-14 01:00:00,Delhi_East_Demo,28.628,77.295,48.58,80.55,16.63,66.23,1.06,synthetic_demo
2026-09-14 02:00:00,Delhi_East_Demo,28.628,77.295,41.66,100.47,16.88,57.07,2.02,synthetic_demo
2026-09-14 03:00:00,Delhi_East_Demo,28.628,77.295,51.89,70.53,21.22,66.38,4.05,synthetic_demo
2026-09-14 04:00:00,Delhi_East_Demo,28.628,77.295,48.59,107.98,22.57,50.63,0.78,synthetic_demo
2026-09-14 05:00:00,Delhi_East_Demo,28.628,77.295,62.78,97.4,25.91,60.59,1.49,synthetic_demo
2026-09-14 06:00:00,Delhi_East_Demo,28.628,77.295,64.3,131.74,23.97,52.6,1.93,synthetic_demo
2026-09-14 07:00:00,Delhi_East_Demo,28.628,77.295,63.2,111.46,27.14,56.3,1.01,synthetic_demo
2026-09-14 08:00:00,Delhi_East_Demo,28.628,77.295,88.54,142.77,26.57,50.21,1.91,synthetic_demo
2026-09-14 09:00:00,Delhi_East_Demo,28.628,77.295,88.49,135.98,29.45,52.29,1.71,synthetic_demo
2026-09-14 10:00:00,Delhi_East_Demo,28.628,77.295,84.59,119.88,30.28,42.7,1.25,synthetic_demo
2026-09-14 11:00:00,Delhi_East_Demo,28.628,77.295,94.32,147.55,32.46,51.76,3.32,synthetic_demo
2026-09-14 12:00:00,Delhi_East_Demo,28.628,77.295,94.52,162.65,33.53,49.39,2.92,synthetic_demo
2026-09-14 13:00:00,Delhi_East_Demo,28.628,77.295,87.73,135.74,33.25,44.91,3.42,synthetic_demo
2026-09-14 14:00:00,Delhi_East_Demo,28.628,77.295,96.66,144.12,29.8,51.2,3.63,synthetic_demo
2026-09-14 15:00:00,Delhi_East_Demo,28.628,77.295,87.84,131.64,31.45,51.56,0.47,synthetic_demo
2026-09-14 16:00:00,Delhi_East_Demo,28.628,77.295,81.41,144.04,28.43,47.67,0.53,synthetic_demo
2026-09-14 17:00:00,Delhi_East_Demo,28.628,77.295,70.37,131.13,26.32,53.04,3.13,synthetic_demo
2026-09-14 18:00:00,Delhi_East_Demo,28.628,77.295,78.0,108.9,23.94,47.7,1.35,synthetic_demo
2026-09-14 19:00:00,Delhi_East_Demo,28.628,77.295,81.86,114.85,22.35,75.62,1.21,synthetic_demo
2026-09-14 20:00:00,Delhi_East_Demo,28.628,77.295,63.85,105.79,24.11,64.09,1.06,synthetic_demo
2026-09-14 21:00:00,Delhi_East_Demo,28.628,77.295,90.99,168.53,20.51,60.33,3.5,synthetic_demo
2026-09-14 22:00:00,Delhi_East_Demo,28.628,77.295,70.37,129.7,19.2,68.44,7.11,synthetic_demo
2026-09-14 23:00:00,Delhi_East_Demo,28.628,77.295,71.35,88.06,17.85,44.17,3.62,synthetic_demo
2026-09-15 00:00:00,Delhi_East_Demo,28.628,77.295,64.34,94.98,21.67,36.87,1.3,synthetic_demo
2026-09-15 01:00:00,Delhi_East_Demo,28.628,77.295,74.45,98.65,20.2,55.17,3.38,synthetic_demo
2026-09-15 02:00:00,Delhi_East_Demo,28.628,77.295,49.08,71.26,17.86,48.97,0.51,synthetic_demo
2026-09-15 03:00:00,Delhi_East_Demo,28.628,77.295,33.81,81.29,19.64,56.86,1.62,synthetic_demo
2026-09-15 04:00:00,Delhi_East_Demo,28.628,77.295,58.72,65.41,21.18,59.32,0.36,synthetic_demo
2026-09-15 05:00:00,Delhi_East_Demo,28.628,77.295,73.58,84.91,23.41,63.48,1.35,synthetic_demo
2026-09-15 06:00:00,Delhi_East_Demo,28.628,77.295,75.08,101.46,23.95,46.63,2.19,synthetic_demo
2026-09-15 07:00:00,Delhi_East_Demo,28.628,77.295,82.26,132.68,27.47,56.47,7.98,synthetic_demo
2026-09-15 08:00:00,Delhi_East_Demo,28.628,77.295,98.65,164.09,30.68,51.14,4.27,synthetic_demo
2026-09-15 09:00:00,Delhi_East_Demo,28.628,77.295,94.81,154.83,27.98,55.69,0.37,synthetic_demo
2026-09-15 10:00:00,Delhi_East_Demo,28.628,77.295,103.76,182.0,29.37,47.78,0.41,synthetic_demo
2026-09-15 11:00:00,Delhi_East_Demo,28.628,77.295,90.1,107.92,31.04,61.84,1.02,synthetic_demo
2026-09-15 12:00:00,Delhi_East_Demo,28.628,77.295,90.95,162.37,31.34,49.73,6.08,synthetic_demo
2026-09-15 13:00:00,Delhi_East_Demo,28.628,77.295,119.01,178.84,34.76,62.36,0.38,synthetic_demo
2026-09-15 14:00:00,Delhi_East_Demo,28.628,77.295,103.32,173.32,32.56,43.38,1.07,synthetic_demo
2026-09-15 15:00:00,Delhi_East_Demo,28.628,77.295,94.07,121.99,31.37,56.49,1.07,synthetic_demo
2026-09-15 16:00:00,Delhi_East_Demo,28.628,77.295,90.78,140.8,28.1,52.35,2.58,synthetic_demo
2026-09-15 17:00:00,Delhi_East_Demo,28.628,77.295,86.12,137.74,26.38,51.41,3.44,synthetic_demo
2026-09-15 18:00:00,Delhi_East_Demo,28.628,77.295,80.38,145.39,22.82,61.58,2.94,synthetic_demo
2026-09-15 19:00:00,Delhi_East_Demo,28.628,77.295,69.1,78.57,24.36,53.05,2.33,synthetic_demo
2026-09-15 20:00:00,Delhi_East_Demo,28.628,77.295,61.37,95.68,22.24,35.64,0.49,synthetic_demo
2026-09-15 21:00:00,Delhi_East_Demo,28.628,77.295,69.26,87.82,21.98,32.61,2.07,synthetic_demo
2026-09-15 22:00:00,Delhi_East_Demo,28.628,77.295,60.85,103.41,18.62,69.64,4.7,synthetic_demo
2026-09-15 23:00:00,Delhi_East_Demo,28.628,77.295,74.47,129.41,18.03,69.72,5.78,synthetic_demo
2026-09-16 00:00:00,Delhi_East_Demo,28.628,77.295,64.23,122.73,18.26,74.82,2.53,synthetic_demo
2026-09-16 01:00:00,Delhi_East_Demo,28.628,77.295,63.3,88.48,19.58,58.66,0.37,synthetic_demo
2026-09-16 02:00:00,Delhi_East_Demo,28.628,77.295,54.05,100.46,16.73,50.45,2.56,synthetic_demo
2026-09-16 03:00:00,Delhi_East_Demo,28.628,77.295,62.54,121.43,21.15,54.34,1.71,synthetic_demo
2026-09-16 04:00:00,Delhi_East_Demo,28.628,77.295,70.91,80.34,21.47,57.56,0.44,synthetic_demo
2026-09-16 05:00:00,Delhi_East_Demo,28.628,77.295,79.07,133.58,21.6,49.32,0.74,synthetic_demo
2026-09-16 06:00:00,Delhi_East_Demo,28.628,77.295,76.32,135.54,21.87,70.38,0.87,synthetic_demo
2026-09-16 07:00:00,Delhi_East_Demo,28.628,77.295,93.77,140.68,26.61,71.79,3.13,synthetic_demo
2026-09-16 08:00:00,Delhi_East_Demo,28.628,77.295,88.77,115.8,30.67,54.86,5.62,synthetic_demo
2026-09-16 09:00:00,Delhi_East_Demo,28.628,77.295,101.93,174.96,32.46,49.69,2.8,synthetic_demo
2026-09-16 10:00:00,Delhi_East_Demo,28.628,77.295,93.65,123.57,31.6,40.02,3.2,synthetic_demo
2026-09-16 11:00:00,Delhi_East_Demo,28.628,77.295,83.9,126.84,34.7,60.58,1.8,synthetic_demo
2026-09-16 12:00:00,Delhi_East_Demo,28.628,77.295,106.88,164.95,31.94,50.76,1.19,synthetic_demo
2026-09-16 13:00:00,Delhi_East_Demo,28.628,77.295,112.16,186.73,33.19,46.95,2.86,synthetic_demo
2026-09-16 14:00:00,Delhi_East_Demo,28.628,77.295,109.86,159.01,30.39,55.08,2.35,synthetic_demo
2026-09-16 15:00:00,Delhi_East_Demo,28.628,77.295,106.07,152.09,29.18,47.39,0.95,synthetic_demo
2026-09-16 16:00:00,Delhi_East_Demo,28.628,77.295,94.8,148.72,27.48,54.44,2.24,synthetic_demo
2026-09-16 17:00:00,Delhi_East_Demo,28.628,77.295,85.58,150.76,23.72,44.36,1.9,synthetic_demo
2026-09-16 18:00:00,Delhi_East_Demo,28.628,77.295,93.76,186.51,26.93,62.35,1.48,synthetic_demo
2026-09-16 19:00:00,Delhi_East_Demo,28.628,77.295,86.71,107.27,22.23,56.11,1.16,synthetic_demo
2026-09-16 20:00:00,Delhi_East_Demo,28.628,77.295,71.03,115.77,20.3,67.56,2.53,synthetic_demo
2026-09-16 21:00:00,Delhi_East_Demo,28.628,77.295,82.3,108.01,18.28,58.09,1.22,synthetic_demo
2026-09-16 22:00:00,Delhi_East_Demo,28.628,77.295,57.69,107.75,18.63,58.37,7.12,synthetic_demo
2026-09-16 23:00:00,Delhi_East_Demo,28.628,77.295,57.04,71.52,20.88,48.18,2.74,synthetic_demo
2026-09-17 00:00:00,Delhi_East_Demo,28.628,77.295,76.89,107.03,21.14,63.78,2.56,synthetic_demo
2026-09-17 01:00:00,Delhi_East_Demo,28.628,77.295,68.3,95.25,15.75,54.47,1.66,synthetic_demo
2026-09-17 02:00:00,Delhi_East_Demo,28.628,77.295,56.61,86.37,18.41,55.72,1.38,synthetic_demo
2026-09-17 03:00:00,Delhi_East_Demo,28.628,77.295,65.08,106.69,18.5,59.56,0.28,synthetic_demo
2026-09-17 04:00:00,Delhi_East_Demo,28.628,77.295,67.06,112.64,22.98,57.38,1.0,synthetic_demo
2026-09-17 05:00:00,Delhi_East_Demo,28.628,77.295,42.41,65.63,23.62,42.32,0.36,synthetic_demo
2026-09-17 06:00:00,Delhi_East_Demo,28.628,77.295,65.9,78.2,24.05,53.82,0.35,synthetic_demo
2026-09-17 07:00:00,Delhi_East_Demo,28.628,77.295,79.93,137.0,26.92,60.02,0.64,synthetic_demo
2026-09-17 08:00:00,Delhi_East_Demo,28.628,77.295,82.35,126.68,27.78,50.02,4.38,synthetic_demo
2026-09-17 09:00:00,Delhi_East_Demo,28.628,77.295,93.46,165.77,32.37,48.04,4.36,synthetic_demo
2026-09-17 10:00:00,Delhi_East_Demo,28.628,77.295,106.6,152.49,31.88,51.48,1.03,synthetic_demo
2026-09-17 11:00:00,Delhi_East_Demo,28.628,77.295,95.34,118.94,32.77,48.56,0.48,synthetic_demo
2026-09-17 12:00:00,Delhi_East_Demo,28.628,77.295,89.93,138.78,28.0,44.66,1.33,synthetic_demo
2026-09-17 13:00:00,Delhi_East_Demo,28.628,77.295,104.25,184.91,31.66,50.05,3.11,synthetic_demo
2026-09-17 14:00:00,Delhi_East_Demo,28.628,77.295,96.72,152.82,34.19,56.52,3.78,synthetic_demo
2026-09-17 15:00:00,Delhi_East_Demo,28.628,77.295,95.96,145.15,31.94,41.73,2.21,synthetic_demo
2026-09-17 16:00:00,Delhi_East_Demo,28.628,77.295,90.84,125.13,25.73,51.49,2.51,synthetic_demo
2026-09-17 17:00:00,Delhi_East_Demo,28.628,77.295,111.34,204.22,26.34,43.01,2.33,synthetic_demo
2026-09-17 18:00:00,Delhi_East_Demo,28.628,77.295,60.93,75.91,23.2,63.79,0.39,synthetic_demo
2026-09-17 19:00:00,Delhi_East_Demo,28.628,77.295,73.47,100.83,25.75,53.73,0.53,synthetic_demo
2026-09-17 20:00:00,Delhi_East_Demo,28.628,77.295,71.34,120.84,21.87,50.39,5.77,synthetic_demo
2026-09-17 21:00:00,Delhi_East_Demo,28.628,77.295,57.97,56.44,18.9,60.01,2.2,synthetic_demo
2026-09-17 22:00:00,Delhi_East_Demo,28.628,77.295,69.93,131.33,18.99,49.58,0.2,synthetic_demo
2026-09-17 23:00:00,Delhi_East_Demo,28.628,77.295,65.27,112.41,14.33,54.2,2.62,synthetic_demo
2026-09-18 00:00:00,Delhi_East_Demo,28.628,77.295,54.17,100.15,16.37,49.36,0.84,synthetic_demo
2026-09-18 01:00:00,Delhi_East_Demo,28.628,77.295,50.89,88.93,18.29,51.16,3.99,synthetic_demo
2026-09-18 02:00:00,Delhi_East_Demo,28.628,77.295,52.93,79.14,20.21,69.21,3.7,synthetic_demo
2026-09-18 03:00:00,Delhi_East_Demo,28.628,77.295,54.9,65.96,17.14,54.64,2.99,synthetic_demo
2026-09-18 04:00:00,Delhi_East_Demo,28.628,77.295,58.36,87.94,20.93,61.58,2.18,synthetic_demo
2026-09-18 05:00:00,Delhi_East_Demo,28.628,77.295,61.52,77.81,24.7,48.52,4.67,synthetic_demo
2026-09-18 06:00:00,Delhi_East_Demo,28.628,77.295,70.93,118.7,22.82,62.6,4.99,synthetic_demo
2026-09-18 07:00:00,Delhi_East_Demo,28.628,77.295,81.34,140.6,27.16,45.28,0.86,synthetic_demo
2026-09-18 08:00:00,Delhi_East_Demo,28.628,77.295,66.9,130.28,28.6,52.79,2.97,synthetic_demo
2026-09-18 09:00:00,Delhi_East_Demo,28.628,77.295,73.71,120.95,32.52,50.16,1.17,synthetic_demo
2026-09-18 10:00:00,Delhi_East_Demo,28.628,77.295,71.0,126.69,30.72,69.62,0.75,synthetic_demo
2026-09-18 11:00:00,Delhi_East_Demo,28.628,77.295,100.36,150.21,31.5,55.49,4.99,synthetic_demo
2026-09-18 12:00:00,Delhi_East_Demo,28.628,77.295,96.11,140.36,33.28,44.46,3.31,synthetic_demo
2026-09-18 13:00:00,Delhi_East_Demo,28.628,77.295,99.13,162.18,29.77,57.14,2.32,synthetic_demo
2026-09-18 14:00:00,Delhi_East_Demo,28.628,77.295,78.76,115.12,30.73,68.09,0.93,synthetic_demo
2026-09-18 15:00:00,Delhi_East_Demo,28.628,77.295,108.43,172.91,29.27,38.98,5.09,synthetic_demo
2026-09-18 16:00:00,Delhi_East_Demo,28.628,77.295,80.73,106.03,28.29,45.96,0.83,synthetic_demo
2026-09-18 17:00:00,Delhi_East_Demo,28.628,77.295,83.68,113.84,28.08,50.95,0.66,synthetic_demo
2026-09-18 18:00:00,Delhi_East_Demo,28.628,77.295,84.98,143.16,25.83,51.08,1.9,synthetic_demo
2026-09-18 19:00:00,Delhi_East_Demo,28.628,77.295,60.62,109.93,22.07,54.39,3.11,synthetic_demo
2026-09-18 20:00:00,Delhi_East_Demo,28.628,77.295,59.09,73.85,21.71,46.87,1.44,synthetic_demo
2026-09-18 21:00:00,Delhi_East_Demo,28.628,77.295,60.8,106.32,22.29,68.13,2.16,synthetic_demo
2026-09-18 22:00:00,Delhi_East_Demo,28.628,77.295,82.8,118.75,17.69,48.74,1.17,synthetic_demo
2026-09-18 23:00:00,Delhi_East_Demo,28.628,77.295,53.52,83.25,18.46,57.98,1.28,synthetic_demo
2026-09-19 00:00:00,Delhi_East_Demo,28.628,77.295,64.16,124.95,17.71,68.47,6.21,synthetic_demo
2026-09-19 01:00:00,Delhi_East_Demo,28.628,77.295,59.19,106.28,18.14,59.56,1.76,synthetic_demo
2026-09-19 02:00:00,Delhi_East_Demo,28.628,77.295,51.37,93.94,16.49,53.12,4.87,synthetic_demo
2026-09-19 03:00:00,Delhi_East_Demo,28.628,77.295,39.8,96.05,22.17,46.19,0.34,synthetic_demo
2026-09-19 04:00:00,Delhi_East_Demo,28.628,77.295,63.6,85.92,20.34,56.42,4.05,synthetic_demo
2026-09-19 05:00:00,Delhi_East_Demo,28.628,77.295,42.41,47.99,24.73,49.13,0.98,synthetic_demo
2026-09-19 06:00:00,Delhi_East_Demo,28.628,77.295,78.54,108.74,24.07,57.29,3.37,synthetic_demo
2026-09-19 07:00:00,Delhi_East_Demo,28.628,77.295,70.07,104.03,25.87,43.18,0.97,synthetic_demo
2026-09-19 08:00:00,Delhi_East_Demo,28.628,77.295,47.12,30.65,30.32,57.78,1.36,synthetic_demo
2026-09-19 09:00:00,Delhi_East_Demo,28.628,77.295,75.39,113.12,31.44,51.42,0.72,synthetic_demo
2026-09-19 10:00:00,Delhi_East_Demo,28.628,77.295,89.76,129.33,31.38,52.06,3.41,synthetic_demo
2026-09-19 11:00:00,Delhi_East_Demo,28.628,77.295,84.24,144.67,32.9,61.0,3.8,synthetic_demo
2026-09-19 12:00:00,Delhi_East_Demo,28.628,77.295,95.85,154.91,31.57,46.9,1.0,synthetic_demo
2026-09-19 13:00:00,Delhi_East_Demo,28.628,77.295,80.86,114.51,31.75,44.47,0.45,synthetic_demo
2026-09-19 14:00:00,Delhi_East_Demo,28.628,77.295,75.46,127.59,30.07,47.07,4.82,synthetic_demo
2026-09-19 15:00:00,Delhi_East_Demo,28.628,77.295,85.54,145.6,31.31,49.05,1.11,synthetic_demo
2026-09-19 16:00:00,Delhi_East_Demo,28.628,77.295,83.01,114.83,27.46,52.55,1.69,synthetic_demo
2026-09-19 17:00:00,Delhi_East_Demo,28.628,77.295,74.61,106.76,29.04,45.53,0.85,synthetic_demo
2026-09-19 18:00:00,Delhi_East_Demo,28.628,77.295,85.02,91.72,24.53,39.15,3.18,synthetic_demo
2026-09-19 19:00:00,Delhi_East_Demo,28.628,77.295,58.52,71.07,23.22,51.76,3.24,synthetic_demo
2026-09-19 20:00:00,Delhi_East_Demo,28.628,77.295,64.44,86.52,22.64,59.53,5.37,synthetic_demo
2026-09-19 21:00:00,Delhi_East_Demo,28.628,77.295,56.68,89.19,20.09,59.53,4.13,synthetic_demo
2026-09-19 22:00:00,Delhi_East_Demo,28.628,77.295,35.88,38.6,18.49,69.15,3.93,synthetic_demo
2026-09-19 23:00:00,Delhi_East_Demo,28.628,77.295,34.78,44.67,18.19,75.41,1.82,synthetic_demo
2026-09-20 00:00:00,Delhi_East_Demo,28.628,77.295,45.92,49.12,19.34,65.04,1.65,synthetic_demo
2026-09-20 01:00:00,Delhi_East_Demo,28.628,77.295,64.9,103.68,17.24,71.49,3.15,synthetic_demo
2026-09-20 02:00:00,Delhi_East_Demo,28.628,77.295,51.68,87.77,18.75,65.51,1.74,synthetic_demo
2026-09-20 03:00:00,Delhi_East_Demo,28.628,77.295,30.89,55.12,20.07,72.13,4.23,synthetic_demo
2026-09-20 04:00:00,Delhi_East_Demo,28.628,77.295,20.61,32.17,22.8,71.35,0.8,synthetic_demo
2026-09-20 05:00:00,Delhi_East_Demo,28.628,77.295,63.69,70.97,23.04,63.98,0.33,synthetic_demo
2026-09-20 06:00:00,Delhi_East_Demo,28.628,77.295,60.79,83.07,27.71,58.75,2.89,synthetic_demo
2026-09-20 07:00:00,Delhi_East_Demo,28.628,77.295,78.97,115.07,26.58,52.25,1.24,synthetic_demo
2026-09-20 08:00:00,Delhi_East_Demo,28.628,77.295,64.55,92.8,28.14,52.47,0.69,synthetic_demo
2026-09-20 09:00:00,Delhi_East_Demo,28.628,77.295,82.29,128.91,29.69,49.01,7.66,synthetic_demo
2026-09-20 10:00:00,Delhi_East_Demo,28.628,77.295,91.95,168.17,29.09,57.11,1.95,synthetic_demo
2026-09-20 11:00:00,Delhi_East_Demo,28.628,77.295,82.65,142.72,30.21,45.59,0.54,synthetic_demo
2026-09-20 12:00:00,Delhi_East_Demo,28.628,77.295,85.22,114.31,31.2,49.13,1.11,synthetic_demo
2026-09-20 13:00:00,Delhi_East_Demo,28.628,77.295,90.64,152.71,33.47,30.23,1.54,synthetic_demo
2026-09-20 14:00:00,Delhi_East_Demo,28.628,77.295,95.24,159.15,31.01,64.58,2.85,synthetic_demo
2026-09-20 15:00:00,Delhi_East_Demo,28.628,77.295,87.65,121.36,29.22,50.28,1.12,synthetic_demo
2026-09-20 16:00:00,Delhi_East_Demo,28.628,77.295,94.23,161.34,30.34,54.91,1.71,synthetic_demo
2026-09-20 17:00:00,Delhi_East_Demo,28.628,77.295,75.52,114.16,29.14,63.77,2.38,synthetic_demo
2026-09-20 18:00:00,Delhi_East_Demo,28.628,77.295,61.75,70.34,26.88,56.08,2.72,synthetic_demo
2026-09-20 19:00:00,Delhi_East_Demo,28.628,77.295,89.33,146.65,21.91,68.72,1.81,synthetic_demo
2026-09-20 20:00:00,Delhi_East_Demo,28.628,77.295,58.04,93.87,20.76,48.04,6.15,synthetic_demo
2026-09-20 21:00:00,Delhi_East_Demo,28.628,77.295,53.33,78.56,22.77,75.74,3.21,synthetic_demo
2026-09-20 22:00:00,Delhi_East_Demo,28.628,77.295,54.04,83.08,19.3,67.69,3.08,synthetic_demo
2026-09-20 23:00:00,Delhi_East_Demo,28.628,77.295,52.11,67.83,17.84,61.69,3.0,synthetic_demo
2026-09-21 00:00:00,Delhi_East_Demo,28.628,77.295,45.63,81.7,19.08,70.55,4.25,synthetic_demo
2026-09-21 01:00:00,Delhi_East_Demo,28.628,77.295,48.83,74.9,19.75,49.33,2.26,synthetic_demo
2026-09-21 02:00:00,Delhi_East_Demo,28.628,77.295,49.61,79.9,18.08,57.53,0.79,synthetic_demo
2026-09-21 03:00:00,Delhi_East_Demo,28.628,77.295,54.22,90.48,20.38,69.79,2.63,synthetic_demo
2026-09-21 04:00:00,Delhi_East_Demo,28.628,77.295,32.67,29.86,22.89,41.54,2.87,synthetic_demo
2026-09-21 05:00:00,Delhi_East_Demo,28.628,77.295,79.89,107.73,21.45,61.97,4.71,synthetic_demo
2026-09-21 06:00:00,Delhi_East_Demo,28.628,77.295,65.19,61.27,25.02,59.24,0.72,synthetic_demo
2026-09-21 07:00:00,Delhi_East_Demo,28.628,77.295,78.45,131.76,25.14,70.66,0.89,synthetic_demo
2026-09-21 08:00:00,Delhi_East_Demo,28.628,77.295,64.84,78.69,27.02,40.92,2.0,synthetic_demo
2026-09-21 09:00:00,Delhi_East_Demo,28.628,77.295,79.51,125.63,29.11,65.0,3.06,synthetic_demo
2026-09-21 10:00:00,Delhi_East_Demo,28.628,77.295,82.35,134.31,31.78,45.78,0.59,synthetic_demo
2026-09-21 11:00:00,Delhi_East_Demo,28.628,77.295,107.56,177.56,31.28,47.03,0.73,synthetic_demo
2026-09-21 12:00:00,Delhi_East_Demo,28.628,77.295,89.5,117.05,31.03,41.0,3.6,synthetic_demo
2026-09-21 13:00:00,Delhi_East_Demo,28.628,77.295,103.98,160.0,31.84,41.51,0.62,synthetic_demo
2026-09-21 14:00:00,Delhi_East_Demo,28.628,77.295,89.45,168.71,29.34,55.19,0.9,synthetic_demo
2026-09-21 15:00:00,Delhi_East_Demo,28.628,77.295,89.53,169.62,30.59,42.19,3.76,synthetic_demo
2026-09-21 16:00:00,Delhi_East_Demo,28.628,77.295,88.4,154.79,30.2,57.28,3.03,synthetic_demo
2026-09-21 17:00:00,Delhi_East_Demo,28.628,77.295,99.44,160.2,26.69,48.51,1.13,synthetic_demo
2026-09-21 18:00:00,Delhi_East_Demo,28.628,77.295,62.69,79.08,24.7,45.51,2.79,synthetic_demo
2026-09-21 19:00:00,Delhi_East_Demo,28.628,77.295,63.04,110.64,23.75,51.65,2.41,synthetic_demo
2026-09-21 20:00:00,Delhi_East_Demo,28.628,77.295,51.32,76.7,18.46,62.27,1.76,synthetic_demo
2026-09-21 21:00:00,Delhi_East_Demo,28.628,77.295,54.91,95.19,20.86,55.68,1.41,synthetic_demo
2026-09-21 22:00:00,Delhi_East_Demo,28.628,77.295,53.4,71.38,23.59,56.26,2.71,synthetic_demo
2026-09-21 23:00:00,Delhi_East_Demo,28.628,77.295,42.16,62.24,18.05,65.43,0.67,synthetic_demo
2026-09-22 00:00:00,Delhi_East_Demo,28.628,77.295,49.05,78.98,17.82,68.68,2.68,synthetic_demo
2026-09-22 01:00:00,Delhi_East_Demo,28.628,77.295,35.78,59.89,19.35,56.47,2.25,synthetic_demo
2026-09-22 02:00:00,Delhi_East_Demo,28.628,77.295,46.77,81.38,21.41,49.16,2.37,synthetic_demo
2026-09-22 03:00:00,Delhi_East_Demo,28.628,77.295,71.42,100.28,21.51,58.05,0.87,synthetic_demo
2026-09-22 04:00:00,Delhi_East_Demo,28.628,77.295,67.22,80.01,18.27,63.48,4.79,synthetic_demo
2026-09-22 05:00:00,Delhi_East_Demo,28.628,77.295,69.87,137.55,24.03,43.99,1.13,synthetic_demo
2026-09-22 06:00:00,Delhi_East_Demo,28.628,77.295,63.53,143.28,28.86,45.17,1.29,synthetic_demo
2026-09-22 07:00:00,Delhi_East_Demo,28.628,77.295,64.15,107.48,27.75,47.32,1.7,synthetic_demo
2026-09-22 08:00:00,Delhi_East_Demo,28.628,77.295,74.05,90.95,26.77,52.1,3.03,synthetic_demo
2026-09-22 09:00:00,Delhi_East_Demo,28.628,77.295,90.56,126.44,30.37,45.15,2.32,synthetic_demo
2026-09-22 10:00:00,Delhi_East_Demo,28.628,77.295,104.46,171.07,29.14,57.76,0.43,synthetic_demo
2026-09-22 11:00:00,Delhi_East_Demo,28.628,77.295,108.52,192.34,33.61,36.13,1.93,synthetic_demo
2026-09-22 12:00:00,Delhi_East_Demo,28.628,77.295,108.21,145.9,30.57,38.47,2.06,synthetic_demo
2026-09-22 13:00:00,Delhi_East_Demo,28.628,77.295,95.49,145.77,31.87,47.52,4.87,synthetic_demo
2026-09-22 14:00:00,Delhi_East_Demo,28.628,77.295,102.56,162.49,29.78,50.25,1.52,synthetic_demo
2026-09-22 15:00:00,Delhi_East_Demo,28.628,77.295,97.09,166.06,29.13,40.47,2.84,synthetic_demo
2026-09-22 16:00:00,Delhi_East_Demo,28.628,77.295,94.98,141.04,30.73,46.14,10.02,synthetic_demo
2026-09-22 17:00:00,Delhi_East_Demo,28.628,77.295,112.98,146.97,26.97,50.41,4.31,synthetic_demo
2026-09-22 18:00:00,Delhi_East_Demo,28.628,77.295,69.85,119.45,24.16,52.44,0.82,synthetic_demo
2026-09-22 19:00:00,Delhi_East_Demo,28.628,77.295,79.58,143.6,21.47,58.69,3.32,synthetic_demo
2026-09-22 20:00:00,Delhi_East_Demo,28.628,77.295,88.5,135.68,18.69,54.12,2.69,synthetic_demo
2026-09-22 21:00:00,Delhi_East_Demo,28.628,77.295,56.55,94.95,18.17,71.6,1.48,synthetic_demo
2026-09-22 22:00:00,Delhi_East_Demo,28.628,77.295,60.34,84.98,19.11,63.03,3.35,synthetic_demo
2026-09-22 23:00:00,Delhi_East_Demo,28.628,77.295,58.1,74.84,19.71,52.25,0.81,synthetic_demo
2026-09-23 00:00:00,Delhi_East_Demo,28.628,77.295,59.07,110.03,17.16,61.24,1.15,synthetic_demo
2026-09-23 01:00:00,Delhi_East_Demo,28.628,77.295,44.69,76.24,20.59,59.08,1.72,synthetic_demo
2026-09-23 02:00:00,Delhi_East_Demo,28.628,77.295,67.43,113.34,17.86,69.71,1.42,synthetic_demo
2026-09-23 03:00:00,Delhi_East_Demo,28.628,77.295,70.41,136.17,19.69,53.91,3.09,synthetic_demo
2026-09-23 04:00:00,Delhi_East_Demo,28.628,77.295,72.39,93.21,19.88,64.72,1.89,synthetic_demo
2026-09-23 05:00:00,Delhi_East_Demo,28.628,77.295,63.21,88.03,24.67,55.56,1.3,synthetic_demo
2026-09-23 06:00:00,Delhi_East_Demo,28.628,77.295,78.12,123.93,28.15,64.73,4.26,synthetic_demo
2026-09-23 07:00:00,Delhi_East_Demo,28.628,77.295,73.98,104.52,24.17,65.91,3.01,synthetic_demo
2026-09-23 08:00:00,Delhi_East_Demo,28.628,77.295,85.36,146.41,27.98,54.49,0.52,synthetic_demo
2026-09-23 09:00:00,Delhi_East_Demo,28.628,77.295,115.53,175.71,31.85,48.11,0.51,synthetic_demo
2026-09-23 10:00:00,Delhi_East_Demo,28.628,77.295,99.51,136.37,28.89,56.33,1.31,synthetic_demo
2026-09-23 11:00:00,Delhi_East_Demo,28.628,77.295,90.15,140.92,32.61,48.23,0.59,synthetic_demo
2026-09-23 12:00:00,Delhi_East_Demo,28.628,77.295,106.0,167.37,33.83,62.26,3.81,synthetic_demo
2026-09-23 13:00:00,Delhi_East_Demo,28.628,77.295,91.39,158.48,31.88,50.81,1.2,synthetic_demo
2026-09-23 14:00:00,Delhi_East_Demo,28.628,77.295,92.12,149.86,31.89,46.93,2.84,synthetic_demo
2026-09-23 15:00:00,Delhi_East_Demo,28.628,77.295,91.44,150.03,32.59,46.01,3.29,synthetic_demo
2026-09-23 16:00:00,Delhi_East_Demo,28.628,77.295,93.84,151.22,31.42,40.8,0.28,synthetic_demo
2026-09-23 17:00:00,Delhi_East_Demo,28.628,77.295,103.01,156.28,26.72,58.25,1.25,synthetic_demo
2026-09-23 18:00:00,Delhi_East_Demo,28.628,77.295,94.03,132.85,24.2,49.0,1.66,synthetic_demo
2026-09-23 19:00:00,Delhi_East_Demo,28.628,77.295,87.68,141.1,21.81,66.02,2.39,synthetic_demo
2026-09-23 20:00:00,Delhi_East_Demo,28.628,77.295,65.65,95.76,22.97,46.08,3.66,synthetic_demo
2026-09-23 21:00:00,Delhi_East_Demo,28.628,77.295,65.79,132.4,17.99,60.92,7.89,synthetic_demo
2026-09-23 22:00:00,Delhi_East_Demo,28.628,77.295,69.24,131.48,18.56,68.71,5.75,synthetic_demo
2026-09-23 23:00:00,Delhi_East_Demo,28.628,77.295,56.59,99.11,18.39,42.41,1.87,synthetic_demo
2026-09-24 00:00:00,Delhi_East_Demo,28.628,77.295,57.74,96.31,17.25,76.57,1.85,synthetic_demo
2026-09-24 01:00:00,Delhi_East_Demo,28.628,77.295,64.02,97.65,18.66,56.04,5.35,synthetic_demo
2026-09-24 02:00:00,Delhi_East_Demo,28.628,77.295,56.7,65.18,22.78,57.68,1.95,synthetic_demo
2026-09-24 03:00:00,Delhi_East_Demo,28.628,77.295,64.46,96.03,19.87,63.16,1.22,synthetic_demo
2026-09-24 04:00:00,Delhi_East_Demo,28.628,77.295,81.43,128.05,20.85,63.72,3.85,synthetic_demo
2026-09-24 05:00:00,Delhi_East_Demo,28.628,77.295,68.15,109.76,24.71,57.39,2.48,synthetic_demo
2026-09-24 06:00:00,Delhi_East_Demo,28.628,77.295,86.76,142.92,25.36,62.73,0.5,synthetic_demo
2026-09-24 07:00:00,Delhi_East_Demo,28.628,77.295,86.04,149.94,28.97,56.37,1.53,synthetic_demo
2026-09-24 08:00:00,Delhi_East_Demo,28.628,77.295,71.24,97.96,28.75,66.46,0.61,synthetic_demo
2026-09-24 09:00:00,Delhi_East_Demo,28.628,77.295,79.97,111.65,29.58,55.97,0.11,synthetic_demo
2026-09-24 10:00:00,Delhi_East_Demo,28.628,77.295,86.97,160.92,28.39,68.35,6.28,synthetic_demo
2026-09-24 11:00:00,Delhi_East_Demo,28.628,77.295,90.01,153.39,29.33,59.18,2.15,synthetic_demo
2026-09-24 12:00:00,Delhi_East_Demo,28.628,77.295,99.6,147.35,29.25,37.58,1.57,synthetic_demo
2026-09-24 13:00:00,Delhi_East_Demo,28.628,77.295,107.15,164.15,32.33,70.76,1.3,synthetic_demo
2026-09-24 14:00:00,Delhi_East_Demo,28.628,77.295,112.54,172.59,29.02,47.59,1.98,synthetic_demo
2026-09-24 15:00:00,Delhi_East_Demo,28.628,77.295,100.61,156.51,31.83,62.18,1.29,synthetic_demo
2026-09-24 16:00:00,Delhi_East_Demo,28.628,77.295,89.3,146.92,28.55,52.73,0.84,synthetic_demo
2026-09-24 17:00:00,Delhi_East_Demo,28.628,77.295,68.1,151.19,26.45,62.48,1.35,synthetic_demo
2026-09-24 18:00:00,Delhi_East_Demo,28.628,77.295,84.04,133.68,23.73,50.38,5.0,synthetic_demo
2026-09-24 19:00:00,Delhi_East_Demo,28.628,77.295,77.62,132.23,24.12,60.62,3.79,synthetic_demo
2026-09-24 20:00:00,Delhi_East_Demo,28.628,77.295,73.21,83.11,20.29,56.27,1.36,synthetic_demo
2026-09-24 21:00:00,Delhi_East_Demo,28.628,77.295,86.84,125.88,18.57,72.13,6.7,synthetic_demo
2026-09-24 22:00:00,Delhi_East_Demo,28.628,77.295,73.34,135.79,20.72,61.51,1.85,synthetic_demo
2026-09-24 23:00:00,Delhi_East_Demo,28.628,77.295,64.99,107.98,18.77,66.85,1.01,synthetic_demo
2026-09-25 00:00:00,Delhi_East_Demo,28.628,77.295,45.02,8.0,17.65,42.83,2.56,synthetic_demo
2026-09-25 01:00:00,Delhi_East_Demo,28.628,77.295,48.47,87.26,19.2,58.37,5.54,synthetic_demo
2026-09-25 02:00:00,Delhi_East_Demo,28.628,77.295,53.1,116.83,18.95,62.52,4.84,synthetic_demo
2026-09-25 03:00:00,Delhi_East_Demo,28.628,77.295,48.19,38.77,20.62,59.85,1.06,synthetic_demo
2026-09-25 04:00:00,Delhi_East_Demo,28.628,77.295,64.15,126.78,20.27,66.0,0.69,synthetic_demo
2026-09-25 05:00:00,Delhi_East_Demo,28.628,77.295,66.97,53.91,26.29,51.17,1.46,synthetic_demo
2026-09-25 06:00:00,Delhi_East_Demo,28.628,77.295,57.53,106.05,24.13,56.0,2.88,synthetic_demo
2026-09-25 07:00:00,Delhi_East_Demo,28.628,77.295,85.78,132.8,29.15,61.55,3.45,synthetic_demo
2026-09-25 08:00:00,Delhi_East_Demo,28.628,77.295,80.23,82.06,28.22,34.52,4.39,synthetic_demo
2026-09-25 09:00:00,Delhi_East_Demo,28.628,77.295,66.93,111.77,31.16,55.4,2.24,synthetic_demo
2026-09-25 10:00:00,Delhi_East_Demo,28.628,77.295,87.97,157.07,32.16,47.31,2.29,synthetic_demo
2026-09-25 11:00:00,Delhi_East_Demo,28.628,77.295,94.51,153.04,33.48,41.76,2.18,synthetic_demo
2026-09-25 12:00:00,Delhi_East_Demo,28.628,77.295,103.34,170.7,30.74,53.68,4.01,synthetic_demo
2026-09-25 13:00:00,Delhi_East_Demo,28.628,77.295,90.7,133.18,33.37,58.96,3.49,synthetic_demo
2026-09-25 14:00:00,Delhi_East_Demo,28.628,77.295,101.33,123.56,33.83,57.13,1.03,synthetic_demo
2026-09-25 15:00:00,Delhi_East_Demo,28.628,77.295,92.45,155.76,29.56,50.73,3.2,synthetic_demo
2026-09-25 16:00:00,Delhi_East_Demo,28.628,77.295,73.67,145.68,28.55,59.52,3.83,synthetic_demo
2026-09-25 17:00:00,Delhi_East_Demo,28.628,77.295,67.85,125.5,26.03,61.23,4.04,synthetic_demo
2026-09-25 18:00:00,Delhi_East_Demo,28.628,77.295,87.66,100.1,24.48,54.66,2.48,synthetic_demo
2026-09-25 19:00:00,Delhi_East_Demo,28.628,77.295,82.45,100.53,25.76,48.93,2.38,synthetic_demo
2026-09-25 20:00:00,Delhi_East_Demo,28.628,77.295,67.78,89.84,19.99,53.42,1.92,synthetic_demo
2026-09-25 21:00:00,Delhi_East_Demo,28.628,77.295,73.97,85.98,18.64,66.16,2.07,synthetic_demo
2026-09-25 22:00:00,Delhi_East_Demo,28.628,77.295,64.79,101.22,21.35,57.21,6.03,synthetic_demo
2026-09-25 23:00:00,Delhi_East_Demo,28.628,77.295,57.34,95.96,19.18,50.71,2.13,synthetic_demo
2026-09-26 00:00:00,Delhi_East_Demo,28.628,77.295,38.98,34.67,21.18,44.19,1.1,synthetic_demo
2026-09-26 01:00:00,Delhi_East_Demo,28.628,77.295,64.45,113.89,17.56,66.86,2.52,synthetic_demo
2026-09-26 02:00:00,Delhi_East_Demo,28.628,77.295,53.05,93.05,19.13,54.74,3.4,synthetic_demo
2026-09-26 03:00:00,Delhi_East_Demo,28.628,77.295,45.83,61.18,19.06,61.8,3.93,synthetic_demo
2026-09-26 04:00:00,Delhi_East_Demo,28.628,77.295,46.32,68.7,21.71,67.22,0.83,synthetic_demo
2026-09-26 05:00:00,Delhi_East_Demo,28.628,77.295,59.96,57.84,20.53,47.66,5.23,synthetic_demo
2026-09-26 06:00:00,Delhi_East_Demo,28.628,77.295,45.82,65.04,26.03,53.92,3.31,synthetic_demo
2026-09-26 07:00:00,Delhi_East_Demo,28.628,77.295,75.07,116.49,27.3,52.03,5.04,synthetic_demo
2026-09-26 08:00:00,Delhi_East_Demo,28.628,77.295,64.09,102.37,28.41,55.65,0.57,synthetic_demo
2026-09-26 09:00:00,Delhi_East_Demo,28.628,77.295,82.5,134.69,29.36,61.86,4.15,synthetic_demo
2026-09-26 10:00:00,Delhi_East_Demo,28.628,77.295,78.01,125.31,29.72,41.06,0.79,synthetic_demo
2026-09-26 11:00:00,Delhi_East_Demo,28.628,77.295,83.96,125.38,32.85,54.06,1.6,synthetic_demo
2026-09-26 12:00:00,Delhi_East_Demo,28.628,77.295,81.13,130.9,30.24,59.58,3.39,synthetic_demo
2026-09-26 13:00:00,Delhi_East_Demo,28.628,77.295,87.74,154.04,32.53,48.24,0.72,synthetic_demo
2026-09-26 14:00:00,Delhi_East_Demo,28.628,77.295,107.42,164.78,34.17,47.48,1.28,synthetic_demo
2026-09-26 15:00:00,Delhi_East_Demo,28.628,77.295,100.1,160.88,32.18,53.32,0.56,synthetic_demo
2026-09-26 16:00:00,Delhi_East_Demo,28.628,77.295,86.24,130.32,26.24,56.89,3.32,synthetic_demo
2026-09-26 17:00:00,Delhi_East_Demo,28.628,77.295,77.84,109.0,26.01,58.95,1.01,synthetic_demo
2026-09-26 18:00:00,Delhi_East_Demo,28.628,77.295,81.19,135.25,25.63,59.05,2.02,synthetic_demo
2026-09-26 19:00:00,Delhi_East_Demo,28.628,77.295,78.32,111.41,23.08,48.49,2.7,synthetic_demo
2026-09-26 20:00:00,Delhi_East_Demo,28.628,77.295,53.01,89.12,19.4,66.84,2.5,synthetic_demo
2026-09-26 21:00:00,Delhi_East_Demo,28.628,77.295,55.23,86.11,20.63,67.39,2.33,synthetic_demo
2026-09-26 22:00:00,Delhi_East_Demo,28.628,77.295,33.23,46.04,18.92,60.74,2.33,synthetic_demo
2026-09-26 23:00:00,Delhi_East_Demo,28.628,77.295,59.2,85.85,21.11,45.77,0.6,synthetic_demo
2026-09-27 00:00:00,Delhi_East_Demo,28.628,77.295,66.45,93.85,17.62,59.25,1.67,synthetic_demo
2026-09-27 01:00:00,Delhi_East_Demo,28.628,77.295,45.89,41.51,19.99,60.06,2.32,synthetic_demo
2026-09-27 02:00:00,Delhi_East_Demo,28.628,77.295,24.64,45.08,17.04,51.42,2.13,synthetic_demo
2026-09-27 03:00:00,Delhi_East_Demo,28.628,77.295,54.24,88.24,18.51,56.66,1.82,synthetic_demo
2026-09-27 04:00:00,Delhi_East_Demo,28.628,77.295,42.68,81.44,22.58,45.42,1.13,synthetic_demo
2026-09-27 05:00:00,Delhi_East_Demo,28.628,77.295,49.72,67.5,24.81,59.99,2.46,synthetic_demo
2026-09-27 06:00:00,Delhi_East_Demo,28.628,77.295,68.02,139.55,23.56,57.33,2.8,synthetic_demo
2026-09-27 07:00:00,Delhi_East_Demo,28.628,77.295,70.1,101.82,26.85,40.54,1.43,synthetic_demo
2026-09-27 08:00:00,Delhi_East_Demo,28.628,77.295,68.48,90.39,26.43,56.81,3.95,synthetic_demo
2026-09-27 09:00:00,Delhi_East_Demo,28.628,77.295,72.3,94.17,29.68,51.27,5.3,synthetic_demo
2026-09-27 10:00:00,Delhi_East_Demo,28.628,77.295,84.74,100.14,32.32,54.01,2.05,synthetic_demo
2026-09-27 11:00:00,Delhi_East_Demo,28.628,77.295,83.03,156.28,31.11,47.59,1.05,synthetic_demo
2026-09-27 12:00:00,Delhi_East_Demo,28.628,77.295,78.38,146.17,31.63,43.95,0.71,synthetic_demo
2026-09-27 13:00:00,Delhi_East_Demo,28.628,77.295,87.06,145.76,30.07,45.29,1.58,synthetic_demo
2026-09-27 14:00:00,Delhi_East_Demo,28.628,77.295,93.21,128.35,30.09,47.13,1.94,synthetic_demo
2026-09-27 15:00:00,Delhi_East_Demo,28.628,77.295,86.02,165.93,32.59,49.84,0.68,synthetic_demo
2026-09-27 16:00:00,Delhi_East_Demo,28.628,77.295,70.36,102.72,28.61,53.66,1.54,synthetic_demo
2026-09-27 17:00:00,Delhi_East_Demo,28.628,77.295,90.03,134.7,25.31,53.26,3.81,synthetic_demo
2026-09-27 18:00:00,Delhi_East_Demo,28.628,77.295,47.65,99.73,24.53,51.94,0.23,synthetic_demo
2026-09-27 19:00:00,Delhi_East_Demo,28.628,77.295,65.09,112.76,20.79,55.13,2.15,synthetic_demo
2026-09-27 20:00:00,Delhi_East_Demo,28.628,77.295,57.89,129.34,19.98,78.58,1.28,synthetic_demo
2026-09-27 21:00:00,Delhi_East_Demo,28.628,77.295,60.49,98.24,22.09,50.87,1.99,synthetic_demo
2026-09-27 22:00:00,Delhi_East_Demo,28.628,77.295,60.31,86.33,18.72,54.93,5.49,synthetic_demo
2026-09-27 23:00:00,Delhi_East_Demo,28.628,77.295,62.71,86.19,21.07,84.1,1.92,synthetic_demo
2026-09-28 00:00:00,Delhi_East_Demo,28.628,77.295,42.37,32.43,17.86,63.37,1.71,synthetic_demo
2026-09-28 01:00:00,Delhi_East_Demo,28.628,77.295,54.87,80.03,18.18,48.73,3.18,synthetic_demo
2026-09-28 02:00:00,Delhi_East_Demo,28.628,77.295,51.97,101.16,19.9,65.31,2.48,synthetic_demo
2026-09-28 03:00:00,Delhi_East_Demo,28.628,77.295,35.36,65.59,16.04,53.99,2.16,synthetic_demo
2026-09-28 04:00:00,Delhi_East_Demo,28.628,77.295,75.25,117.0,21.81,64.51,2.55,synthetic_demo
2026-09-28 05:00:00,Delhi_East_Demo,28.628,77.295,46.69,54.46,23.11,54.63,4.52,synthetic_demo
2026-09-28 06:00:00,Delhi_East_Demo,28.628,77.295,70.86,113.91,27.23,49.92,3.64,synthetic_demo
2026-09-28 07:00:00,Delhi_East_Demo,28.628,77.295,76.54,136.87,28.26,65.59,1.62,synthetic_demo
2026-09-28 08:00:00,Delhi_East_Demo,28.628,77.295,81.38,133.89,26.8,58.27,5.3,synthetic_demo
2026-09-28 09:00:00,Delhi_East_Demo,28.628,77.295,79.27,125.88,31.81,58.01,1.34,synthetic_demo
2026-09-28 10:00:00,Delhi_East_Demo,28.628,77.295,97.34,136.53,30.67,54.51,2.15,synthetic_demo
2026-09-28 11:00:00,Delhi_East_Demo,28.628,77.295,77.26,135.36,30.4,47.66,2.34,synthetic_demo
2026-09-28 12:00:00,Delhi_East_Demo,28.628,77.295,94.7,90.41,32.3,54.78,1.56,synthetic_demo
2026-09-28 13:00:00,Delhi_East_Demo,28.628,77.295,90.76,147.57,31.46,60.15,4.93,synthetic_demo
2026-09-28 14:00:00,Delhi_East_Demo,28.628,77.295,89.18,184.49,33.37,50.22,1.5,synthetic_demo
2026-09-28 15:00:00,Delhi_East_Demo,28.628,77.295,98.34,125.28,30.46,65.59,1.81,synthetic_demo
2026-09-28 16:00:00,Delhi_East_Demo,28.628,77.295,101.63,153.18,28.81,59.14,4.01,synthetic_demo
2026-09-28 17:00:00,Delhi_East_Demo,28.628,77.295,83.17,128.76,28.16,54.48,1.38,synthetic_demo
2026-09-28 18:00:00,Delhi_East_Demo,28.628,77.295,89.4,130.24,26.64,55.86,0.65,synthetic_demo
2026-09-28 19:00:00,Delhi_East_Demo,28.628,77.295,76.69,137.52,24.36,56.54,2.2,synthetic_demo
2026-09-28 20:00:00,Delhi_East_Demo,28.628,77.295,61.87,104.4,23.63,45.95,0.84,synthetic_demo
2026-09-28 21:00:00,Delhi_East_Demo,28.628,77.295,63.2,100.7,20.96,57.11,0.76,synthetic_demo
2026-09-28 22:00:00,Delhi_East_Demo,28.628,77.295,58.52,105.06,19.19,60.84,0.24,synthetic_demo
2026-09-28 23:00:00,Delhi_East_Demo,28.628,77.295,51.34,79.88,20.1,55.1,0.28,synthetic_demo
2026-09-29 00:00:00,Delhi_East_Demo,28.628,77.295,60.68,151.29,17.86,62.7,0.31,synthetic_demo
2026-09-29 01:00:00,Delhi_East_Demo,28.628,77.295,58.27,93.04,18.29,59.87,5.77,synthetic_demo
2026-09-29 02:00:00,Delhi_East_Demo,28.628,77.295,41.04,67.13,21.52,63.63,0.3,synthetic_demo
2026-09-29 03:00:00,Delhi_East_Demo,28.628,77.295,42.9,35.71,22.48,62.07,0.83,synthetic_demo
2026-09-29 04:00:00,Delhi_East_Demo,28.628,77.295,67.43,94.73,21.49,58.8,1.83,synthetic_demo
2026-09-29 05:00:00,Delhi_East_Demo,28.628,77.295,59.85,113.42,22.51,45.81,3.08,synthetic_demo
2026-09-29 06:00:00,Delhi_East_Demo,28.628,77.295,76.58,94.66,27.19,67.79,3.3,synthetic_demo
2026-09-29 07:00:00,Delhi_East_Demo,28.628,77.295,87.32,96.5,28.01,51.76,1.05,synthetic_demo
2026-09-29 08:00:00,Delhi_East_Demo,28.628,77.295,72.74,113.32,28.97,51.57,2.12,synthetic_demo
2026-09-29 09:00:00,Delhi_East_Demo,28.628,77.295,76.87,143.83,29.47,49.13,1.79,synthetic_demo
2026-09-29 10:00:00,Delhi_East_Demo,28.628,77.295,112.52,175.17,31.56,46.5,2.03,synthetic_demo
2026-09-29 11:00:00,Delhi_East_Demo,28.628,77.295,103.01,153.61,31.73,62.64,2.24,synthetic_demo
2026-09-29 12:00:00,Delhi_East_Demo,28.628,77.295,97.71,118.01,31.0,61.89,2.69,synthetic_demo
2026-09-29 13:00:00,Delhi_East_Demo,28.628,77.295,93.53,153.1,31.96,53.69,1.26,synthetic_demo
2026-09-29 14:00:00,Delhi_East_Demo,28.628,77.295,97.21,162.58,31.46,49.62,1.51,synthetic_demo
2026-09-29 15:00:00,Delhi_East_Demo,28.628,77.295,88.4,104.95,29.39,56.88,7.66,synthetic_demo
2026-09-29 16:00:00,Delhi_East_Demo,28.628,77.295,105.83,184.45,29.86,52.19,1.32,synthetic_demo
2026-09-29 17:00:00,Delhi_East_Demo,28.628,77.295,84.84,145.29,28.74,50.86,2.15,synthetic_demo
2026-09-29 18:00:00,Delhi_East_Demo,28.628,77.295,98.4,172.91,26.45,56.69,1.8,synthetic_demo
2026-09-29 19:00:00,Delhi_East_Demo,28.628,77.295,77.92,131.28,22.77,53.03,2.09,synthetic_demo
2026-09-29 20:00:00,Delhi_East_Demo,28.628,77.295,65.95,113.98,22.63,58.67,4.08,synthetic_demo
2026-09-29 21:00:00,Delhi_East_Demo,28.628,77.295,66.94,113.14,20.17,60.02,1.72,synthetic_demo
2026-09-29 22:00:00,Delhi_East_Demo,28.628,77.295,40.53,78.46,17.08,65.36,0.73,synthetic_demo
2026-09-29 23:00:00,Delhi_East_Demo,28.628,77.295,62.19,63.65,19.25,54.07,1.24,synthetic_demo
2026-09-30 00:00:00,Delhi_East_Demo,28.628,77.295,59.6,65.36,18.22,65.43,1.73,synthetic_demo
2026-09-30 01:00:00,Delhi_East_Demo,28.628,77.295,68.89,93.53,22.13,49.76,2.29,synthetic_demo
2026-09-30 02:00:00,Delhi_East_Demo,28.628,77.295,42.61,63.71,21.12,53.13,1.05,synthetic_demo
2026-09-30 03:00:00,Delhi_East_Demo,28.628,77.295,75.37,123.8,21.12,53.49,1.15,synthetic_demo
2026-09-30 04:00:00,Delhi_East_Demo,28.628,77.295,75.51,122.89,21.87,48.61,2.35,synthetic_demo
2026-09-30 05:00:00,Delhi_East_Demo,28.628,77.295,84.43,150.98,23.43,64.22,2.41,synthetic_demo
2026-09-30 06:00:00,Delhi_East_Demo,28.628,77.295,76.73,139.6,23.49,48.3,3.7,synthetic_demo
2026-09-30 07:00:00,Delhi_East_Demo,28.628,77.295,93.12,128.63,24.2,49.97,1.23,synthetic_demo
2026-09-30 08:00:00,Delhi_East_Demo,28.628,77.295,73.98,118.96,27.19,63.51,2.88,synthetic_demo
2026-09-30 09:00:00,Delhi_East_Demo,28.628,77.295,101.13,141.49,29.88,47.02,1.8,synthetic_demo
2026-09-30 10:00:00,Delhi_East_Demo,28.628,77.295,90.84,137.41,27.9,51.46,1.37,synthetic_demo
2026-09-30 11:00:00,Delhi_East_Demo,28.628,77.295,85.52,138.34,30.94,42.74,1.85,synthetic_demo
2026-09-30 12:00:00,Delhi_East_Demo,28.628,77.295,92.96,82.73,31.63,57.02,2.05,synthetic_demo
2026-09-30 13:00:00,Delhi_East_Demo,28.628,77.295,104.97,206.1,31.44,57.27,0.66,synthetic_demo
2026-09-30 14:00:00,Delhi_East_Demo,28.628,77.295,95.87,158.79,30.07,57.36,0.71,synthetic_demo
2026-08-31 15:00:00,Delhi_South_Demo,28.5355,77.21,100.41,191.3,34.52,56.79,0.97,synthetic_demo
2026-08-31 16:00:00,Delhi_South_Demo,28.5355,77.21,97.7,155.96,27.65,49.95,6.37,synthetic_demo
2026-08-31 17:00:00,Delhi_South_Demo,28.5355,77.21,82.92,144.17,25.46,56.6,4.82,synthetic_demo
2026-08-31 18:00:00,Delhi_South_Demo,28.5355,77.21,84.53,140.73,23.46,72.05,2.99,synthetic_demo
2026-08-31 19:00:00,Delhi_South_Demo,28.5355,77.21,78.07,125.93,22.87,56.41,2.96,synthetic_demo
2026-08-31 20:00:00,Delhi_South_Demo,28.5355,77.21,76.82,121.02,18.92,64.91,1.06,synthetic_demo
2026-08-31 21:00:00,Delhi_South_Demo,28.5355,77.21,71.83,127.49,20.49,62.32,5.22,synthetic_demo
2026-08-31 22:00:00,Delhi_South_Demo,28.5355,77.21,35.46,67.89,16.08,56.54,1.55,synthetic_demo
2026-08-31 23:00:00,Delhi_South_Demo,28.5355,77.21,55.9,91.4,18.48,68.04,1.15,synthetic_demo
2026-09-01 00:00:00,Delhi_South_Demo,28.5355,77.21,61.57,82.95,15.97,54.52,4.36,synthetic_demo
2026-09-01 01:00:00,Delhi_South_Demo,28.5355,77.21,51.82,87.26,17.67,70.85,1.43,synthetic_demo
2026-09-01 02:00:00,Delhi_South_Demo,28.5355,77.21,57.31,87.63,19.84,53.91,1.2,synthetic_demo
2026-09-01 03:00:00,Delhi_South_Demo,28.5355,77.21,66.93,98.19,23.51,52.22,3.63,synthetic_demo
2026-09-01 04:00:00,Delhi_South_Demo,28.5355,77.21,63.99,147.4,19.88,49.87,0.67,synthetic_demo
2026-09-01 05:00:00,Delhi_South_Demo,28.5355,77.21,83.08,101.07,22.96,49.03,3.02,synthetic_demo
2026-09-01 06:00:00,Delhi_South_Demo,28.5355,77.21,84.83,148.74,23.91,52.35,2.17,synthetic_demo
2026-09-01 07:00:00,Delhi_South_Demo,28.5355,77.21,78.32,105.87,25.51,35.19,3.42,synthetic_demo
2026-09-01 08:00:00,Delhi_South_Demo,28.5355,77.21,83.46,131.73,27.43,51.43,2.78,synthetic_demo
2026-09-01 09:00:00,Delhi_South_Demo,28.5355,77.21,62.48,143.09,31.19,46.61,9.14,synthetic_demo
2026-09-01 10:00:00,Delhi_South_Demo,28.5355,77.21,92.51,126.07,30.33,57.59,2.33,synthetic_demo
2026-09-01 11:00:00,Delhi_South_Demo,28.5355,77.21,85.96,120.21,35.14,51.29,1.43,synthetic_demo
2026-09-01 12:00:00,Delhi_South_Demo,28.5355,77.21,104.12,161.07,32.62,44.0,1.99,synthetic_demo
2026-09-01 13:00:00,Delhi_South_Demo,28.5355,77.21,104.39,146.56,30.25,47.66,2.76,synthetic_demo
2026-09-01 14:00:00,Delhi_South_Demo,28.5355,77.21,109.27,185.29,30.51,49.26,6.13,synthetic_demo
2026-09-01 15:00:00,Delhi_South_Demo,28.5355,77.21,114.27,167.5,28.75,64.26,3.16,synthetic_demo
2026-09-01 16:00:00,Delhi_South_Demo,28.5355,77.21,96.73,161.7,29.7,45.13,1.01,synthetic_demo
2026-09-01 17:00:00,Delhi_South_Demo,28.5355,77.21,115.41,154.97,24.35,49.69,12.0,synthetic_demo
2026-09-01 18:00:00,Delhi_South_Demo,28.5355,77.21,89.79,106.66,22.99,47.38,4.07,synthetic_demo
2026-09-01 19:00:00,Delhi_South_Demo,28.5355,77.21,68.83,102.56,22.3,45.03,0.95,synthetic_demo
2026-09-01 20:00:00,Delhi_South_Demo,28.5355,77.21,70.76,81.44,22.52,59.19,0.73,synthetic_demo
2026-09-01 21:00:00,Delhi_South_Demo,28.5355,77.21,67.48,131.92,21.9,58.79,0.6,synthetic_demo
2026-09-01 22:00:00,Delhi_South_Demo,28.5355,77.21,72.7,85.14,21.01,68.06,1.91,synthetic_demo
2026-09-01 23:00:00,Delhi_South_Demo,28.5355,77.21,53.92,64.9,19.03,67.51,1.98,synthetic_demo
2026-09-02 00:00:00,Delhi_South_Demo,28.5355,77.21,58.32,97.84,17.88,79.16,1.13,synthetic_demo
2026-09-02 01:00:00,Delhi_South_Demo,28.5355,77.21,59.03,80.95,19.43,58.31,0.52,synthetic_demo
2026-09-02 02:00:00,Delhi_South_Demo,28.5355,77.21,57.0,61.01,17.22,58.36,0.75,synthetic_demo
2026-09-02 03:00:00,Delhi_South_Demo,28.5355,77.21,71.86,148.1,17.28,50.0,3.21,synthetic_demo
2026-09-02 04:00:00,Delhi_South_Demo,28.5355,77.21,73.72,96.23,22.15,62.56,1.57,synthetic_demo
2026-09-02 05:00:00,Delhi_South_Demo,28.5355,77.21,83.58,126.01,21.68,58.27,0.83,synthetic_demo
2026-09-02 06:00:00,Delhi_South_Demo,28.5355,77.21,73.95,110.85,24.9,60.28,2.17,synthetic_demo
2026-09-02 07:00:00,Delhi_South_Demo,28.5355,77.21,95.0,160.04,26.99,44.49,2.49,synthetic_demo
2026-09-02 08:00:00,Delhi_South_Demo,28.5355,77.21,75.05,124.65,28.87,55.1,2.7,synthetic_demo
2026-09-02 09:00:00,Delhi_South_Demo,28.5355,77.21,80.12,109.3,31.36,52.19,2.11,synthetic_demo
2026-09-02 10:00:00,Delhi_South_Demo,28.5355,77.21,86.41,128.07,32.31,51.0,1.86,synthetic_demo
2026-09-02 11:00:00,Delhi_South_Demo,28.5355,77.21,102.12,154.2,32.05,44.6,4.61,synthetic_demo
2026-09-02 12:00:00,Delhi_South_Demo,28.5355,77.21,116.22,193.63,31.34,60.08,0.78,synthetic_demo
2026-09-02 13:00:00,Delhi_South_Demo,28.5355,77.21,98.89,132.25,31.92,66.56,1.67,synthetic_demo
2026-09-02 14:00:00,Delhi_South_Demo,28.5355,77.21,99.34,190.31,30.17,42.5,0.28,synthetic_demo
2026-09-02 15:00:00,Delhi_South_Demo,28.5355,77.21,99.69,140.86,29.66,57.5,1.5,synthetic_demo
2026-09-02 16:00:00,Delhi_South_Demo,28.5355,77.21,104.01,161.06,32.43,26.78,2.29,synthetic_demo
2026-09-02 17:00:00,Delhi_South_Demo,28.5355,77.21,88.87,116.87,27.09,58.89,3.61,synthetic_demo
2026-09-02 18:00:00,Delhi_South_Demo,28.5355,77.21,82.91,105.15,25.68,39.57,0.29,synthetic_demo
2026-09-02 19:00:00,Delhi_South_Demo,28.5355,77.21,68.99,91.2,22.13,52.81,2.24,synthetic_demo
2026-09-02 20:00:00,Delhi_South_Demo,28.5355,77.21,70.92,92.46,23.03,45.87,6.75,synthetic_demo
2026-09-02 21:00:00,Delhi_South_Demo,28.5355,77.21,82.98,121.17,21.19,55.94,2.85,synthetic_demo
2026-09-02 22:00:00,Delhi_South_Demo,28.5355,77.21,67.43,86.89,20.09,65.15,0.65,synthetic_demo
2026-09-02 23:00:00,Delhi_South_Demo,28.5355,77.21,55.48,98.51,18.56,44.65,1.5,synthetic_demo
2026-09-03 00:00:00,Delhi_South_Demo,28.5355,77.21,72.88,98.88,19.55,55.94,2.92,synthetic_demo
2026-09-03 01:00:00,Delhi_South_Demo,28.5355,77.21,53.76,67.24,20.15,54.29,1.18,synthetic_demo
2026-09-03 02:00:00,Delhi_South_Demo,28.5355,77.21,74.39,108.22,19.36,71.59,2.44,synthetic_demo
2026-09-03 03:00:00,Delhi_South_Demo,28.5355,77.21,76.24,136.04,19.88,62.04,2.33,synthetic_demo
2026-09-03 04:00:00,Delhi_South_Demo,28.5355,77.21,66.07,106.27,22.84,47.09,1.89,synthetic_demo
2026-09-03 05:00:00,Delhi_South_Demo,28.5355,77.21,54.88,83.27,21.83,53.45,0.58,synthetic_demo
2026-09-03 06:00:00,Delhi_South_Demo,28.5355,77.21,97.86,125.88,23.92,68.2,1.07,synthetic_demo
2026-09-03 07:00:00,Delhi_South_Demo,28.5355,77.21,84.31,110.12,26.73,59.5,7.21,synthetic_demo
2026-09-03 08:00:00,Delhi_South_Demo,28.5355,77.21,82.67,105.13,25.89,47.03,1.42,synthetic_demo
2026-09-03 09:00:00,Delhi_South_Demo,28.5355,77.21,100.55,179.37,31.19,48.53,1.57,synthetic_demo
2026-09-03 10:00:00,Delhi_South_Demo,28.5355,77.21,102.33,168.16,29.62,49.89,1.56,synthetic_demo
2026-09-03 11:00:00,Delhi_South_Demo,28.5355,77.21,111.67,157.58,31.05,46.46,3.55,synthetic_demo
2026-09-03 12:00:00,Delhi_South_Demo,28.5355,77.21,93.88,135.36,31.68,36.64,1.63,synthetic_demo
2026-09-03 13:00:00,Delhi_South_Demo,28.5355,77.21,104.18,146.63,31.82,44.8,1.92,synthetic_demo
2026-09-03 14:00:00,Delhi_South_Demo,28.5355,77.21,88.13,120.66,30.55,62.23,2.24,synthetic_demo
2026-09-03 15:00:00,Delhi_South_Demo,28.5355,77.21,104.19,169.78,29.85,48.56,3.83,synthetic_demo
2026-09-03 16:00:00,Delhi_South_Demo,28.5355,77.21,93.53,139.79,28.41,51.79,1.93,synthetic_demo
2026-09-03 17:00:00,Delhi_South_Demo,28.5355,77.21,91.73,179.65,26.14,55.33,2.1,synthetic_demo
2026-09-03 18:00:00,Delhi_South_Demo,28.5355,77.21,81.87,149.41,23.84,73.56,1.23,synthetic_demo
2026-09-03 19:00:00,Delhi_South_Demo,28.5355,77.21,74.85,139.59,24.81,55.2,2.48,synthetic_demo
2026-09-03 20:00:00,Delhi_South_Demo,28.5355,77.21,62.69,109.26,18.34,68.41,3.02,synthetic_demo
2026-09-03 21:00:00,Delhi_South_Demo,28.5355,77.21,73.68,106.6,19.74,53.9,3.18,synthetic_demo
2026-09-03 22:00:00,Delhi_South_Demo,28.5355,77.21,75.83,128.29,18.23,57.66,6.48,synthetic_demo
2026-09-03 23:00:00,Delhi_South_Demo,28.5355,77.21,51.57,73.66,18.87,59.39,1.0,synthetic_demo
2026-09-04 00:00:00,Delhi_South_Demo,28.5355,77.21,60.18,122.63,15.82,55.23,1.99,synthetic_demo
2026-09-04 01:00:00,Delhi_South_Demo,28.5355,77.21,57.92,97.05,17.49,58.63,1.64,synthetic_demo
2026-09-04 02:00:00,Delhi_South_Demo,28.5355,77.21,54.13,88.62,18.78,66.46,5.71,synthetic_demo
2026-09-04 03:00:00,Delhi_South_Demo,28.5355,77.21,40.68,65.34,21.66,50.94,3.26,synthetic_demo
2026-09-04 04:00:00,Delhi_South_Demo,28.5355,77.21,46.13,102.82,22.0,57.1,0.42,synthetic_demo
2026-09-04 05:00:00,Delhi_South_Demo,28.5355,77.21,55.59,60.36,21.41,63.18,1.14,synthetic_demo
2026-09-04 06:00:00,Delhi_South_Demo,28.5355,77.21,47.02,105.97,24.27,48.92,1.48,synthetic_demo
2026-09-04 07:00:00,Delhi_South_Demo,28.5355,77.21,87.89,132.88,28.14,61.56,0.49,synthetic_demo
2026-09-04 08:00:00,Delhi_South_Demo,28.5355,77.21,82.88,103.16,26.7,54.39,2.11,synthetic_demo
2026-09-04 09:00:00,Delhi_South_Demo,28.5355,77.21,83.92,116.54,29.83,50.3,1.27,synthetic_demo
2026-09-04 10:00:00,Delhi_South_Demo,28.5355,77.21,66.58,73.49,31.05,34.7,6.67,synthetic_demo
2026-09-04 11:00:00,Delhi_South_Demo,28.5355,77.21,73.46,125.62,31.18,47.68,2.46,synthetic_demo
2026-09-04 12:00:00,Delhi_South_Demo,28.5355,77.21,93.58,126.37,36.04,50.24,1.44,synthetic_demo
2026-09-04 13:00:00,Delhi_South_Demo,28.5355,77.21,113.78,179.4,31.14,64.66,0.83,synthetic_demo
2026-09-04 14:00:00,Delhi_South_Demo,28.5355,77.21,86.06,153.82,31.74,54.83,1.86,synthetic_demo
2026-09-04 15:00:00,Delhi_South_Demo,28.5355,77.21,99.22,141.69,28.8,61.35,5.38,synthetic_demo
2026-09-04 16:00:00,Delhi_South_Demo,28.5355,77.21,82.02,122.3,29.29,42.32,1.65,synthetic_demo
2026-09-04 17:00:00,Delhi_South_Demo,28.5355,77.21,82.55,104.5,28.12,51.8,1.88,synthetic_demo
2026-09-04 18:00:00,Delhi_South_Demo,28.5355,77.21,88.58,130.32,24.12,65.38,4.2,synthetic_demo
2026-09-04 19:00:00,Delhi_South_Demo,28.5355,77.21,67.03,150.24,23.11,49.22,2.41,synthetic_demo
2026-09-04 20:00:00,Delhi_South_Demo,28.5355,77.21,57.65,103.37,20.16,66.11,3.5,synthetic_demo
2026-09-04 21:00:00,Delhi_South_Demo,28.5355,77.21,73.19,108.68,18.33,65.53,2.59,synthetic_demo
2026-09-04 22:00:00,Delhi_South_Demo,28.5355,77.21,54.68,73.75,20.49,60.35,2.49,synthetic_demo
2026-09-04 23:00:00,Delhi_South_Demo,28.5355,77.21,61.42,94.43,17.41,57.69,0.39,synthetic_demo
2026-09-05 00:00:00,Delhi_South_Demo,28.5355,77.21,41.24,66.26,14.38,54.54,0.72,synthetic_demo
2026-09-05 01:00:00,Delhi_South_Demo,28.5355,77.21,61.2,87.32,20.89,72.08,2.22,synthetic_demo
2026-09-05 02:00:00,Delhi_South_Demo,28.5355,77.21,50.42,87.7,17.73,65.14,0.9,synthetic_demo
2026-09-05 03:00:00,Delhi_South_Demo,28.5355,77.21,54.04,66.6,19.68,61.45,1.86,synthetic_demo
2026-09-05 04:00:00,Delhi_South_Demo,28.5355,77.21,54.32,66.95,23.96,52.42,0.66,synthetic_demo
2026-09-05 05:00:00,Delhi_South_Demo,28.5355,77.21,52.34,87.78,22.98,56.72,4.23,synthetic_demo
2026-09-05 06:00:00,Delhi_South_Demo,28.5355,77.21,62.52,75.86,24.75,56.49,1.0,synthetic_demo
2026-09-05 07:00:00,Delhi_South_Demo,28.5355,77.21,63.65,111.77,24.97,58.22,0.83,synthetic_demo
2026-09-05 08:00:00,Delhi_South_Demo,28.5355,77.21,83.22,128.73,26.05,60.14,0.52,synthetic_demo
2026-09-05 09:00:00,Delhi_South_Demo,28.5355,77.21,76.76,86.08,29.7,45.45,3.15,synthetic_demo
2026-09-05 10:00:00,Delhi_South_Demo,28.5355,77.21,68.26,107.77,31.61,38.64,1.86,synthetic_demo
2026-09-05 11:00:00,Delhi_South_Demo,28.5355,77.21,69.81,77.87,32.22,50.62,4.12,synthetic_demo
2026-09-05 12:00:00,Delhi_South_Demo,28.5355,77.21,71.43,123.2,31.28,36.63,1.23,synthetic_demo
2026-09-05 13:00:00,Delhi_South_Demo,28.5355,77.21,95.54,143.6,31.79,47.66,0.7,synthetic_demo
2026-09-05 14:00:00,Delhi_South_Demo,28.5355,77.21,77.01,152.68,28.31,48.61,1.8,synthetic_demo
2026-09-05 15:00:00,Delhi_South_Demo,28.5355,77.21,89.25,157.63,30.64,54.99,4.7,synthetic_demo
2026-09-05 16:00:00,Delhi_South_Demo,28.5355,77.21,84.06,111.2,28.74,68.24,0.38,synthetic_demo
2026-09-05 17:00:00,Delhi_South_Demo,28.5355,77.21,77.44,83.66,29.77,36.1,2.37,synthetic_demo
2026-09-05 18:00:00,Delhi_South_Demo,28.5355,77.21,77.13,105.96,25.01,73.19,2.55,synthetic_demo
2026-09-05 19:00:00,Delhi_South_Demo,28.5355,77.21,68.61,84.36,21.77,55.39,5.23,synthetic_demo
2026-09-05 20:00:00,Delhi_South_Demo,28.5355,77.21,34.21,85.9,21.42,60.29,0.94,synthetic_demo
2026-09-05 21:00:00,Delhi_South_Demo,28.5355,77.21,52.76,81.6,19.56,47.49,0.35,synthetic_demo
2026-09-05 22:00:00,Delhi_South_Demo,28.5355,77.21,55.7,103.14,19.59,66.76,1.34,synthetic_demo
2026-09-05 23:00:00,Delhi_South_Demo,28.5355,77.21,64.37,94.65,18.28,60.04,3.46,synthetic_demo
2026-09-06 00:00:00,Delhi_South_Demo,28.5355,77.21,62.66,93.9,16.11,60.73,1.96,synthetic_demo
2026-09-06 01:00:00,Delhi_South_Demo,28.5355,77.21,31.46,48.17,15.78,45.95,2.75,synthetic_demo
2026-09-06 02:00:00,Delhi_South_Demo,28.5355,77.21,42.39,85.63,19.33,59.56,0.75,synthetic_demo
2026-09-06 03:00:00,Delhi_South_Demo,28.5355,77.21,32.49,55.96,22.12,63.78,1.58,synthetic_demo
2026-09-06 04:00:00,Delhi_South_Demo,28.5355,77.21,66.92,84.69,21.62,55.48,2.01,synthetic_demo
2026-09-06 05:00:00,Delhi_South_Demo,28.5355,77.21,66.48,132.26,24.41,64.81,0.45,synthetic_demo
2026-09-06 06:00:00,Delhi_South_Demo,28.5355,77.21,65.26,95.88,26.52,63.0,2.01,synthetic_demo
2026-09-06 07:00:00,Delhi_South_Demo,28.5355,77.21,69.21,99.08,27.21,48.32,1.46,synthetic_demo
2026-09-06 08:00:00,Delhi_South_Demo,28.5355,77.21,87.17,84.18,27.28,66.17,10.36,synthetic_demo
2026-09-06 09:00:00,Delhi_South_Demo,28.5355,77.21,90.91,152.32,30.24,51.69,1.9,synthetic_demo
2026-09-06 10:00:00,Delhi_South_Demo,28.5355,77.21,95.06,149.17,32.87,49.89,5.42,synthetic_demo
2026-09-06 11:00:00,Delhi_South_Demo,28.5355,77.21,91.69,143.92,32.56,50.5,2.74,synthetic_demo
2026-09-06 12:00:00,Delhi_South_Demo,28.5355,77.21,85.98,126.02,33.12,49.87,1.72,synthetic_demo
2026-09-06 13:00:00,Delhi_South_Demo,28.5355,77.21,98.06,141.64,31.07,29.71,4.89,synthetic_demo
2026-09-06 14:00:00,Delhi_South_Demo,28.5355,77.21,97.97,145.21,30.76,49.48,0.65,synthetic_demo
2026-09-06 15:00:00,Delhi_South_Demo,28.5355,77.21,85.89,141.47,29.77,40.75,1.32,synthetic_demo
2026-09-06 16:00:00,Delhi_South_Demo,28.5355,77.21,80.98,137.02,28.42,65.61,3.61,synthetic_demo
2026-09-06 17:00:00,Delhi_South_Demo,28.5355,77.21,91.47,137.62,28.56,65.19,0.16,synthetic_demo
2026-09-06 18:00:00,Delhi_South_Demo,28.5355,77.21,91.68,159.18,21.48,64.28,1.85,synthetic_demo
2026-09-06 19:00:00,Delhi_South_Demo,28.5355,77.21,62.06,94.78,23.23,54.33,1.84,synthetic_demo
2026-09-06 20:00:00,Delhi_South_Demo,28.5355,77.21,61.45,86.18,21.38,49.47,2.31,synthetic_demo
2026-09-06 21:00:00,Delhi_South_Demo,28.5355,77.21,62.52,100.48,17.99,54.64,1.59,synthetic_demo
2026-09-06 22:00:00,Delhi_South_Demo,28.5355,77.21,59.56,67.85,19.95,74.08,3.5,synthetic_demo
2026-09-06 23:00:00,Delhi_South_Demo,28.5355,77.21,46.22,75.83,17.15,54.96,0.98,synthetic_demo
2026-09-07 00:00:00,Delhi_South_Demo,28.5355,77.21,68.33,78.15,17.46,41.43,3.85,synthetic_demo
2026-09-07 01:00:00,Delhi_South_Demo,28.5355,77.21,53.22,63.99,21.01,66.03,0.73,synthetic_demo
2026-09-07 02:00:00,Delhi_South_Demo,28.5355,77.21,55.33,49.42,20.45,70.19,2.45,synthetic_demo
2026-09-07 03:00:00,Delhi_South_Demo,28.5355,77.21,70.07,105.45,20.91,71.14,4.49,synthetic_demo
2026-09-07 04:00:00,Delhi_South_Demo,28.5355,77.21,51.75,109.19,22.07,65.36,0.9,synthetic_demo
2026-09-07 05:00:00,Delhi_South_Demo,28.5355,77.21,60.19,91.19,22.94,66.05,1.11,synthetic_demo
2026-09-07 06:00:00,Delhi_South_Demo,28.5355,77.21,54.13,95.49,28.0,53.32,3.95,synthetic_demo
2026-09-07 07:00:00,Delhi_South_Demo,28.5355,77.21,70.92,152.27,28.01,36.28,2.19,synthetic_demo
2026-09-07 08:00:00,Delhi_South_Demo,28.5355,77.21,63.73,106.06,27.38,53.56,0.36,synthetic_demo
2026-09-07 09:00:00,Delhi_South_Demo,28.5355,77.21,91.7,128.36,27.85,57.98,2.26,synthetic_demo
2026-09-07 10:00:00,Delhi_South_Demo,28.5355,77.21,93.27,133.27,31.91,49.08,3.09,synthetic_demo
2026-09-07 11:00:00,Delhi_South_Demo,28.5355,77.21,90.09,139.65,31.68,48.88,4.06,synthetic_demo
2026-09-07 12:00:00,Delhi_South_Demo,28.5355,77.21,94.35,134.85,29.86,43.89,2.41,synthetic_demo
2026-09-07 13:00:00,Delhi_South_Demo,28.5355,77.21,104.02,151.18,32.4,41.8,2.8,synthetic_demo
2026-09-07 14:00:00,Delhi_South_Demo,28.5355,77.21,84.59,148.85,30.66,65.74,5.79,synthetic_demo
2026-09-07 15:00:00,Delhi_South_Demo,28.5355,77.21,96.09,167.42,30.75,65.97,3.68,synthetic_demo
2026-09-07 16:00:00,Delhi_South_Demo,28.5355,77.21,97.85,122.02,29.16,52.06,1.54,synthetic_demo
2026-09-07 17:00:00,Delhi_South_Demo,28.5355,77.21,68.78,91.87,25.9,56.62,1.71,synthetic_demo
2026-09-07 18:00:00,Delhi_South_Demo,28.5355,77.21,88.44,128.73,25.95,46.49,4.37,synthetic_demo
2026-09-07 19:00:00,Delhi_South_Demo,28.5355,77.21,59.45,102.93,22.44,61.93,2.37,synthetic_demo
2026-09-07 20:00:00,Delhi_South_Demo,28.5355,77.21,69.62,128.48,20.85,71.98,2.11,synthetic_demo
2026-09-07 21:00:00,Delhi_South_Demo,28.5355,77.21,54.15,132.56,19.25,46.79,1.5,synthetic_demo
2026-09-07 22:00:00,Delhi_South_Demo,28.5355,77.21,75.83,109.15,20.63,61.77,4.25,synthetic_demo
2026-09-07 23:00:00,Delhi_South_Demo,28.5355,77.21,46.73,64.96,17.82,64.34,0.95,synthetic_demo
2026-09-08 00:00:00,Delhi_South_Demo,28.5355,77.21,39.89,72.42,20.06,62.68,1.32,synthetic_demo
2026-09-08 01:00:00,Delhi_South_Demo,28.5355,77.21,57.26,76.47,20.91,71.0,4.24,synthetic_demo
2026-09-08 02:00:00,Delhi_South_Demo,28.5355,77.21,52.81,79.32,17.83,76.31,4.21,synthetic_demo
2026-09-08 03:00:00,Delhi_South_Demo,28.5355,77.21,44.37,61.31,15.67,59.66,8.2,synthetic_demo
2026-09-08 04:00:00,Delhi_South_Demo,28.5355,77.21,68.44,58.89,23.07,61.74,1.85,synthetic_demo
2026-09-08 05:00:00,Delhi_South_Demo,28.5355,77.21,48.09,76.75,22.68,57.3,1.52,synthetic_demo
2026-09-08 06:00:00,Delhi_South_Demo,28.5355,77.21,63.2,94.68,23.7,50.85,1.65,synthetic_demo
2026-09-08 07:00:00,Delhi_South_Demo,28.5355,77.21,73.75,137.2,25.93,56.52,0.41,synthetic_demo
2026-09-08 08:00:00,Delhi_South_Demo,28.5355,77.21,93.47,144.97,27.88,58.36,0.2,synthetic_demo
2026-09-08 09:00:00,Delhi_South_Demo,28.5355,77.21,103.94,138.53,31.9,51.91,2.4,synthetic_demo
2026-09-08 10:00:00,Delhi_South_Demo,28.5355,77.21,106.8,160.9,31.3,43.54,1.43,synthetic_demo
2026-09-08 11:00:00,Delhi_South_Demo,28.5355,77.21,97.96,114.2,33.69,45.21,1.01,synthetic_demo
2026-09-08 12:00:00,Delhi_South_Demo,28.5355,77.21,77.63,98.54,32.74,45.93,2.09,synthetic_demo
2026-09-08 13:00:00,Delhi_South_Demo,28.5355,77.21,106.77,176.94,31.3,43.85,2.44,synthetic_demo
2026-09-08 14:00:00,Delhi_South_Demo,28.5355,77.21,117.02,176.93,30.48,53.67,1.75,synthetic_demo
2026-09-08 15:00:00,Delhi_South_Demo,28.5355,77.21,112.65,191.21,30.79,54.29,1.79,synthetic_demo
2026-09-08 16:00:00,Delhi_South_Demo,28.5355,77.21,101.62,122.11,29.73,59.52,1.41,synthetic_demo
2026-09-08 17:00:00,Delhi_South_Demo,28.5355,77.21,80.71,120.74,28.31,45.82,3.26,synthetic_demo
2026-09-08 18:00:00,Delhi_South_Demo,28.5355,77.21,82.21,118.87,24.61,50.65,1.24,synthetic_demo
2026-09-08 19:00:00,Delhi_South_Demo,28.5355,77.21,101.27,174.17,23.45,68.52,0.83,synthetic_demo
2026-09-08 20:00:00,Delhi_South_Demo,28.5355,77.21,62.21,108.54,22.38,55.52,1.37,synthetic_demo
2026-09-08 21:00:00,Delhi_South_Demo,28.5355,77.21,59.73,104.14,19.47,59.11,2.32,synthetic_demo
2026-09-08 22:00:00,Delhi_South_Demo,28.5355,77.21,76.2,145.86,17.24,59.03,3.4,synthetic_demo
2026-09-08 23:00:00,Delhi_South_Demo,28.5355,77.21,59.08,84.95,17.03,69.64,6.56,synthetic_demo
2026-09-09 00:00:00,Delhi_South_Demo,28.5355,77.21,49.48,100.73,17.64,69.53,2.1,synthetic_demo
2026-09-09 01:00:00,Delhi_South_Demo,28.5355,77.21,75.92,98.89,19.23,67.94,5.47,synthetic_demo
2026-09-09 02:00:00,Delhi_South_Demo,28.5355,77.21,66.09,82.98,20.83,58.13,1.15,synthetic_demo
2026-09-09 03:00:00,Delhi_South_Demo,28.5355,77.21,59.93,106.44,18.02,52.91,0.98,synthetic_demo
2026-09-09 04:00:00,Delhi_South_Demo,28.5355,77.21,55.85,59.48,20.6,73.48,2.71,synthetic_demo
2026-09-09 05:00:00,Delhi_South_Demo,28.5355,77.21,92.38,153.51,22.65,63.49,3.01,synthetic_demo
2026-09-09 06:00:00,Delhi_South_Demo,28.5355,77.21,77.01,121.19,26.19,50.51,2.26,synthetic_demo
2026-09-09 07:00:00,Delhi_South_Demo,28.5355,77.21,96.95,169.57,26.02,65.68,10.52,synthetic_demo
2026-09-09 08:00:00,Delhi_South_Demo,28.5355,77.21,97.62,150.25,27.86,48.72,1.21,synthetic_demo
2026-09-09 09:00:00,Delhi_South_Demo,28.5355,77.21,88.79,138.63,27.83,64.3,4.78,synthetic_demo
2026-09-09 10:00:00,Delhi_South_Demo,28.5355,77.21,93.42,153.97,31.79,62.08,1.01,synthetic_demo
2026-09-09 11:00:00,Delhi_South_Demo,28.5355,77.21,116.49,168.64,31.52,43.06,3.18,synthetic_demo
2026-09-09 12:00:00,Delhi_South_Demo,28.5355,77.21,118.83,171.47,31.02,55.44,2.03,synthetic_demo
2026-09-09 13:00:00,Delhi_South_Demo,28.5355,77.21,86.14,142.06,31.37,56.8,2.38,synthetic_demo
2026-09-09 14:00:00,Delhi_South_Demo,28.5355,77.21,109.61,169.37,32.75,70.49,2.73,synthetic_demo
2026-09-09 15:00:00,Delhi_South_Demo,28.5355,77.21,100.64,148.66,28.44,46.65,2.09,synthetic_demo
2026-09-09 16:00:00,Delhi_South_Demo,28.5355,77.21,87.95,134.83,27.24,64.89,1.78,synthetic_demo
2026-09-09 17:00:00,Delhi_South_Demo,28.5355,77.21,96.26,177.91,28.69,52.56,0.31,synthetic_demo
2026-09-09 18:00:00,Delhi_South_Demo,28.5355,77.21,74.75,107.89,25.11,44.99,3.79,synthetic_demo
2026-09-09 19:00:00,Delhi_South_Demo,28.5355,77.21,77.78,112.07,24.19,54.61,0.61,synthetic_demo
2026-09-09 20:00:00,Delhi_South_Demo,28.5355,77.21,68.65,75.68,22.1,57.05,1.44,synthetic_demo
2026-09-09 21:00:00,Delhi_South_Demo,28.5355,77.21,66.21,101.86,20.0,50.03,2.51,synthetic_demo
2026-09-09 22:00:00,Delhi_South_Demo,28.5355,77.21,65.8,113.82,18.42,62.11,0.73,synthetic_demo
2026-09-09 23:00:00,Delhi_South_Demo,28.5355,77.21,52.72,96.77,19.49,66.52,1.78,synthetic_demo
2026-09-10 00:00:00,Delhi_South_Demo,28.5355,77.21,76.26,120.14,19.74,60.59,3.49,synthetic_demo
2026-09-10 01:00:00,Delhi_South_Demo,28.5355,77.21,64.54,117.25,19.86,54.26,1.42,synthetic_demo
2026-09-10 02:00:00,Delhi_South_Demo,28.5355,77.21,78.13,134.27,17.16,59.3,1.81,synthetic_demo
2026-09-10 03:00:00,Delhi_South_Demo,28.5355,77.21,60.6,113.97,22.01,57.06,0.87,synthetic_demo
2026-09-10 04:00:00,Delhi_South_Demo,28.5355,77.21,60.02,110.75,20.96,59.56,1.56,synthetic_demo
2026-09-10 05:00:00,Delhi_South_Demo,28.5355,77.21,87.45,163.8,22.06,65.94,0.63,synthetic_demo
2026-09-10 06:00:00,Delhi_South_Demo,28.5355,77.21,69.18,104.18,24.75,57.35,2.3,synthetic_demo
2026-09-10 07:00:00,Delhi_South_Demo,28.5355,77.21,78.66,98.03,28.06,41.64,0.49,synthetic_demo
2026-09-10 08:00:00,Delhi_South_Demo,28.5355,77.21,93.11,156.27,29.31,47.48,1.17,synthetic_demo
2026-09-10 09:00:00,Delhi_South_Demo,28.5355,77.21,78.61,135.9,29.57,53.13,2.04,synthetic_demo
2026-09-10 10:00:00,Delhi_South_Demo,28.5355,77.21,102.42,187.01,32.32,58.87,1.69,synthetic_demo
2026-09-10 11:00:00,Delhi_South_Demo,28.5355,77.21,104.39,184.87,31.97,60.5,2.62,synthetic_demo
2026-09-10 12:00:00,Delhi_South_Demo,28.5355,77.21,113.2,210.48,31.14,64.9,1.81,synthetic_demo
2026-09-10 13:00:00,Delhi_South_Demo,28.5355,77.21,109.9,181.5,30.7,52.06,0.31,synthetic_demo
2026-09-10 14:00:00,Delhi_South_Demo,28.5355,77.21,112.99,179.25,31.68,56.43,0.72,synthetic_demo
2026-09-10 15:00:00,Delhi_South_Demo,28.5355,77.21,96.42,124.52,29.83,39.99,1.97,synthetic_demo
2026-09-10 16:00:00,Delhi_South_Demo,28.5355,77.21,85.13,137.5,26.44,57.43,4.15,synthetic_demo
2026-09-10 17:00:00,Delhi_South_Demo,28.5355,77.21,110.02,160.59,28.08,44.24,3.65,synthetic_demo
2026-09-10 18:00:00,Delhi_South_Demo,28.5355,77.21,68.07,109.31,24.28,55.0,10.34,synthetic_demo
2026-09-10 19:00:00,Delhi_South_Demo,28.5355,77.21,63.09,98.78,25.58,78.84,1.29,synthetic_demo
2026-09-10 20:00:00,Delhi_South_Demo,28.5355,77.21,77.03,127.88,19.4,61.35,3.41,synthetic_demo
2026-09-10 21:00:00,Delhi_South_Demo,28.5355,77.21,82.03,125.39,19.78,51.74,3.24,synthetic_demo
2026-09-10 22:00:00,Delhi_South_Demo,28.5355,77.21,62.83,114.21,17.89,63.24,5.61,synthetic_demo
2026-09-10 23:00:00,Delhi_South_Demo,28.5355,77.21,67.13,55.04,16.78,56.62,4.62,synthetic_demo
2026-09-11 00:00:00,Delhi_South_Demo,28.5355,77.21,34.69,57.19,17.27,52.73,2.42,synthetic_demo
2026-09-11 01:00:00,Delhi_South_Demo,28.5355,77.21,48.6,96.98,20.89,74.7,3.02,synthetic_demo
2026-09-11 02:00:00,Delhi_South_Demo,28.5355,77.21,35.31,88.39,19.15,67.63,2.62,synthetic_demo
2026-09-11 03:00:00,Delhi_South_Demo,28.5355,77.21,63.75,111.99,18.86,62.06,1.91,synthetic_demo
2026-09-11 04:00:00,Delhi_South_Demo,28.5355,77.21,43.67,98.02,18.76,56.24,2.87,synthetic_demo
2026-09-11 05:00:00,Delhi_South_Demo,28.5355,77.21,50.62,81.51,20.61,55.59,2.24,synthetic_demo
2026-09-11 06:00:00,Delhi_South_Demo,28.5355,77.21,73.55,114.05,24.2,67.9,2.17,synthetic_demo
2026-09-11 07:00:00,Delhi_South_Demo,28.5355,77.21,84.43,140.39,25.86,56.85,5.79,synthetic_demo
2026-09-11 08:00:00,Delhi_South_Demo,28.5355,77.21,77.62,120.25,28.16,28.12,2.46,synthetic_demo
2026-09-11 09:00:00,Delhi_South_Demo,28.5355,77.21,89.92,125.3,26.54,73.29,2.1,synthetic_demo
2026-09-11 10:00:00,Delhi_South_Demo,28.5355,77.21,93.86,136.21,30.92,52.32,1.73,synthetic_demo
2026-09-11 11:00:00,Delhi_South_Demo,28.5355,77.21,89.54,118.77,33.3,51.93,1.61,synthetic_demo
2026-09-11 12:00:00,Delhi_South_Demo,28.5355,77.21,82.66,137.64,34.43,57.09,0.7,synthetic_demo
2026-09-11 13:00:00,Delhi_South_Demo,28.5355,77.21,99.73,154.78,28.92,55.98,1.91,synthetic_demo
2026-09-11 14:00:00,Delhi_South_Demo,28.5355,77.21,99.18,147.25,29.86,57.57,4.3,synthetic_demo
2026-09-11 15:00:00,Delhi_South_Demo,28.5355,77.21,99.52,144.06,28.67,49.04,1.26,synthetic_demo
2026-09-11 16:00:00,Delhi_South_Demo,28.5355,77.21,89.94,148.5,28.72,42.56,0.17,synthetic_demo
2026-09-11 17:00:00,Delhi_South_Demo,28.5355,77.21,70.32,123.04,24.98,57.25,2.79,synthetic_demo
2026-09-11 18:00:00,Delhi_South_Demo,28.5355,77.21,83.34,108.83,27.52,64.69,2.31,synthetic_demo
2026-09-11 19:00:00,Delhi_South_Demo,28.5355,77.21,70.48,86.07,23.25,51.04,5.72,synthetic_demo
2026-09-11 20:00:00,Delhi_South_Demo,28.5355,77.21,59.73,109.76,21.32,51.76,1.14,synthetic_demo
2026-09-11 21:00:00,Delhi_South_Demo,28.5355,77.21,56.07,62.15,22.44,66.56,0.62,synthetic_demo
2026-09-11 22:00:00,Delhi_South_Demo,28.5355,77.21,47.32,83.21,18.91,55.6,1.66,synthetic_demo
2026-09-11 23:00:00,Delhi_South_Demo,28.5355,77.21,59.39,121.17,18.84,56.03,1.46,synthetic_demo
2026-09-12 00:00:00,Delhi_South_Demo,28.5355,77.21,33.91,81.71,16.87,57.7,0.4,synthetic_demo
2026-09-12 01:00:00,Delhi_South_Demo,28.5355,77.21,37.2,70.94,16.18,60.65,2.11,synthetic_demo
2026-09-12 02:00:00,Delhi_South_Demo,28.5355,77.21,44.4,81.58,18.02,47.3,1.36,synthetic_demo
2026-09-12 03:00:00,Delhi_South_Demo,28.5355,77.21,65.83,142.57,23.33,51.85,5.02,synthetic_demo
2026-09-12 04:00:00,Delhi_South_Demo,28.5355,77.21,63.55,56.48,22.45,58.63,2.14,synthetic_demo
2026-09-12 05:00:00,Delhi_South_Demo,28.5355,77.21,40.98,55.16,23.6,57.77,1.02,synthetic_demo
2026-09-12 06:00:00,Delhi_South_Demo,28.5355,77.21,76.05,133.14,23.54,65.29,1.94,synthetic_demo
2026-09-12 07:00:00,Delhi_South_Demo,28.5355,77.21,81.57,120.36,28.18,67.49,2.27,synthetic_demo
2026-09-12 08:00:00,Delhi_South_Demo,28.5355,77.21,61.88,118.23,26.46,66.08,2.99,synthetic_demo
2026-09-12 09:00:00,Delhi_South_Demo,28.5355,77.21,53.58,82.34,27.6,60.5,2.02,synthetic_demo
2026-09-12 10:00:00,Delhi_South_Demo,28.5355,77.21,82.5,130.25,30.22,50.15,7.25,synthetic_demo
2026-09-12 11:00:00,Delhi_South_Demo,28.5355,77.21,97.83,146.69,34.69,43.23,0.67,synthetic_demo
2026-09-12 12:00:00,Delhi_South_Demo,28.5355,77.21,104.61,152.74,34.85,48.25,1.34,synthetic_demo
2026-09-12 13:00:00,Delhi_South_Demo,28.5355,77.21,80.65,115.16,31.08,55.43,1.03,synthetic_demo
2026-09-12 14:00:00,Delhi_South_Demo,28.5355,77.21,106.04,169.25,30.05,58.04,1.51,synthetic_demo
2026-09-12 15:00:00,Delhi_South_Demo,28.5355,77.21,63.97,85.22,27.49,58.24,2.48,synthetic_demo
2026-09-12 16:00:00,Delhi_South_Demo,28.5355,77.21,79.02,139.63,28.62,51.5,2.35,synthetic_demo
2026-09-12 17:00:00,Delhi_South_Demo,28.5355,77.21,73.92,126.33,27.05,59.86,2.94,synthetic_demo
2026-09-12 18:00:00,Delhi_South_Demo,28.5355,77.21,84.27,150.4,26.18,64.26,2.13,synthetic_demo
2026-09-12 19:00:00,Delhi_South_Demo,28.5355,77.21,80.01,103.69,24.55,62.35,2.23,synthetic_demo
2026-09-12 20:00:00,Delhi_South_Demo,28.5355,77.21,70.85,79.23,21.2,57.4,2.16,synthetic_demo
2026-09-12 21:00:00,Delhi_South_Demo,28.5355,77.21,42.49,65.79,20.88,51.21,1.4,synthetic_demo
2026-09-12 22:00:00,Delhi_South_Demo,28.5355,77.21,60.08,145.3,17.89,53.12,1.31,synthetic_demo
2026-09-12 23:00:00,Delhi_South_Demo,28.5355,77.21,53.06,105.04,19.04,53.72,1.01,synthetic_demo
2026-09-13 00:00:00,Delhi_South_Demo,28.5355,77.21,29.09,35.11,17.24,62.49,3.05,synthetic_demo
2026-09-13 01:00:00,Delhi_South_Demo,28.5355,77.21,24.42,45.49,18.93,63.41,0.22,synthetic_demo
2026-09-13 02:00:00,Delhi_South_Demo,28.5355,77.21,56.27,100.31,19.51,47.53,2.19,synthetic_demo
2026-09-13 03:00:00,Delhi_South_Demo,28.5355,77.21,46.35,47.21,20.15,54.36,3.45,synthetic_demo
2026-09-13 04:00:00,Delhi_South_Demo,28.5355,77.21,38.86,84.89,22.69,58.56,4.1,synthetic_demo
2026-09-13 05:00:00,Delhi_South_Demo,28.5355,77.21,54.27,81.11,20.83,50.72,0.14,synthetic_demo
2026-09-13 06:00:00,Delhi_South_Demo,28.5355,77.21,65.4,99.73,23.4,59.59,1.43,synthetic_demo
2026-09-13 07:00:00,Delhi_South_Demo,28.5355,77.21,66.72,103.85,26.41,51.56,1.06,synthetic_demo
2026-09-13 08:00:00,Delhi_South_Demo,28.5355,77.21,57.84,110.26,26.34,48.28,1.34,synthetic_demo
2026-09-13 09:00:00,Delhi_South_Demo,28.5355,77.21,97.65,137.76,29.34,52.39,4.69,synthetic_demo
2026-09-13 10:00:00,Delhi_South_Demo,28.5355,77.21,93.53,114.24,30.5,54.29,1.07,synthetic_demo
2026-09-13 11:00:00,Delhi_South_Demo,28.5355,77.21,83.77,135.66,33.73,42.1,3.45,synthetic_demo
2026-09-13 12:00:00,Delhi_South_Demo,28.5355,77.21,86.53,97.33,32.21,48.01,2.21,synthetic_demo
2026-09-13 13:00:00,Delhi_South_Demo,28.5355,77.21,93.98,140.26,33.31,52.93,1.29,synthetic_demo
2026-09-13 14:00:00,Delhi_South_Demo,28.5355,77.21,78.52,143.07,31.51,44.34,1.18,synthetic_demo
2026-09-13 15:00:00,Delhi_South_Demo,28.5355,77.21,91.02,151.51,29.15,38.84,2.39,synthetic_demo
2026-09-13 16:00:00,Delhi_South_Demo,28.5355,77.21,71.19,129.1,28.7,40.12,1.86,synthetic_demo
2026-09-13 17:00:00,Delhi_South_Demo,28.5355,77.21,79.43,134.28,27.91,49.62,0.37,synthetic_demo
2026-09-13 18:00:00,Delhi_South_Demo,28.5355,77.21,63.35,141.58,26.79,43.2,0.86,synthetic_demo
2026-09-13 19:00:00,Delhi_South_Demo,28.5355,77.21,58.38,79.9,22.99,53.63,2.43,synthetic_demo
2026-09-13 20:00:00,Delhi_South_Demo,28.5355,77.21,80.54,132.01,19.03,72.5,0.65,synthetic_demo
2026-09-13 21:00:00,Delhi_South_Demo,28.5355,77.21,59.6,84.5,17.47,49.24,3.79,synthetic_demo
2026-09-13 22:00:00,Delhi_South_Demo,28.5355,77.21,56.77,105.21,18.45,57.33,0.48,synthetic_demo
2026-09-13 23:00:00,Delhi_South_Demo,28.5355,77.21,31.33,47.45,14.73,79.25,1.59,synthetic_demo
2026-09-14 00:00:00,Delhi_South_Demo,28.5355,77.21,43.52,98.4,20.69,61.28,3.11,synthetic_demo
2026-09-14 01:00:00,Delhi_South_Demo,28.5355,77.21,53.61,73.54,19.13,56.16,0.8,synthetic_demo
2026-09-14 02:00:00,Delhi_South_Demo,28.5355,77.21,51.95,105.86,17.98,58.66,0.6,synthetic_demo
2026-09-14 03:00:00,Delhi_South_Demo,28.5355,77.21,30.94,58.63,18.39,63.06,2.73,synthetic_demo
2026-09-14 04:00:00,Delhi_South_Demo,28.5355,77.21,58.32,89.81,23.04,69.94,3.52,synthetic_demo
2026-09-14 05:00:00,Delhi_South_Demo,28.5355,77.21,64.74,110.12,21.52,53.19,1.68,synthetic_demo
2026-09-14 06:00:00,Delhi_South_Demo,28.5355,77.21,79.5,127.93,23.47,50.01,1.4,synthetic_demo
2026-09-14 07:00:00,Delhi_South_Demo,28.5355,77.21,66.09,108.85,25.66,43.51,0.46,synthetic_demo
2026-09-14 08:00:00,Delhi_South_Demo,28.5355,77.21,56.2,83.39,28.67,53.25,2.07,synthetic_demo
2026-09-14 09:00:00,Delhi_South_Demo,28.5355,77.21,74.25,102.46,30.88,39.64,0.31,synthetic_demo
2026-09-14 10:00:00,Delhi_South_Demo,28.5355,77.21,78.1,115.02,32.85,45.79,4.73,synthetic_demo
2026-09-14 11:00:00,Delhi_South_Demo,28.5355,77.21,100.23,125.06,33.33,41.9,1.75,synthetic_demo
2026-09-14 12:00:00,Delhi_South_Demo,28.5355,77.21,68.19,120.85,32.0,58.69,0.88,synthetic_demo
2026-09-14 13:00:00,Delhi_South_Demo,28.5355,77.21,91.92,120.24,33.29,45.13,1.18,synthetic_demo
2026-09-14 14:00:00,Delhi_South_Demo,28.5355,77.21,110.21,166.91,30.06,54.64,2.19,synthetic_demo
2026-09-14 15:00:00,Delhi_South_Demo,28.5355,77.21,94.12,157.56,27.22,40.61,1.35,synthetic_demo
2026-09-14 16:00:00,Delhi_South_Demo,28.5355,77.21,99.82,169.83,27.49,54.31,1.93,synthetic_demo
2026-09-14 17:00:00,Delhi_South_Demo,28.5355,77.21,70.18,76.84,25.6,44.95,0.76,synthetic_demo
2026-09-14 18:00:00,Delhi_South_Demo,28.5355,77.21,65.57,99.98,24.05,52.26,4.15,synthetic_demo
2026-09-14 19:00:00,Delhi_South_Demo,28.5355,77.21,90.56,148.65,21.75,74.97,1.2,synthetic_demo
2026-09-14 20:00:00,Delhi_South_Demo,28.5355,77.21,71.81,112.23,20.81,65.39,0.21,synthetic_demo
2026-09-14 21:00:00,Delhi_South_Demo,28.5355,77.21,66.81,127.75,20.98,56.79,1.44,synthetic_demo
2026-09-14 22:00:00,Delhi_South_Demo,28.5355,77.21,50.33,63.22,21.51,83.03,1.05,synthetic_demo
2026-09-14 23:00:00,Delhi_South_Demo,28.5355,77.21,59.31,55.05,15.65,54.22,3.97,synthetic_demo
2026-09-15 00:00:00,Delhi_South_Demo,28.5355,77.21,44.93,84.23,16.07,70.57,0.88,synthetic_demo
2026-09-15 01:00:00,Delhi_South_Demo,28.5355,77.21,67.79,95.41,17.05,48.3,1.33,synthetic_demo
2026-09-15 02:00:00,Delhi_South_Demo,28.5355,77.21,84.23,98.9,20.09,56.49,2.23,synthetic_demo
2026-09-15 03:00:00,Delhi_South_Demo,28.5355,77.21,64.26,96.75,19.74,47.9,2.95,synthetic_demo
2026-09-15 04:00:00,Delhi_South_Demo,28.5355,77.21,56.83,110.24,20.41,60.27,4.94,synthetic_demo
2026-09-15 05:00:00,Delhi_South_Demo,28.5355,77.21,42.66,43.39,24.26,55.96,0.95,synthetic_demo
2026-09-15 06:00:00,Delhi_South_Demo,28.5355,77.21,56.72,129.96,26.43,51.53,4.58,synthetic_demo
2026-09-15 07:00:00,Delhi_South_Demo,28.5355,77.21,95.06,132.25,26.78,62.49,3.86,synthetic_demo
2026-09-15 08:00:00,Delhi_South_Demo,28.5355,77.21,75.15,118.05,27.28,48.87,1.03,synthetic_demo
2026-09-15 09:00:00,Delhi_South_Demo,28.5355,77.21,87.28,113.34,30.36,53.87,0.93,synthetic_demo
2026-09-15 10:00:00,Delhi_South_Demo,28.5355,77.21,102.33,159.36,30.71,57.57,2.6,synthetic_demo
2026-09-15 11:00:00,Delhi_South_Demo,28.5355,77.21,114.32,174.78,31.4,38.65,1.89,synthetic_demo
2026-09-15 12:00:00,Delhi_South_Demo,28.5355,77.21,99.91,128.05,31.23,44.65,2.59,synthetic_demo
2026-09-15 13:00:00,Delhi_South_Demo,28.5355,77.21,98.82,204.03,33.15,49.73,1.48,synthetic_demo
2026-09-15 14:00:00,Delhi_South_Demo,28.5355,77.21,103.03,150.78,31.44,55.54,2.04,synthetic_demo
2026-09-15 15:00:00,Delhi_South_Demo,28.5355,77.21,94.03,136.85,31.5,61.82,1.75,synthetic_demo
2026-09-15 16:00:00,Delhi_South_Demo,28.5355,77.21,91.25,158.89,30.5,49.42,2.57,synthetic_demo
2026-09-15 17:00:00,Delhi_South_Demo,28.5355,77.21,96.73,182.59,27.5,50.72,0.9,synthetic_demo
2026-09-15 18:00:00,Delhi_South_Demo,28.5355,77.21,89.32,158.72,24.24,48.55,2.16,synthetic_demo
2026-09-15 19:00:00,Delhi_South_Demo,28.5355,77.21,103.24,138.41,24.75,57.82,4.88,synthetic_demo
2026-09-15 20:00:00,Delhi_South_Demo,28.5355,77.21,80.77,129.04,22.2,54.58,4.69,synthetic_demo
2026-09-15 21:00:00,Delhi_South_Demo,28.5355,77.21,82.72,94.35,23.96,53.54,2.35,synthetic_demo
2026-09-15 22:00:00,Delhi_South_Demo,28.5355,77.21,56.06,103.13,19.4,58.17,0.88,synthetic_demo
2026-09-15 23:00:00,Delhi_South_Demo,28.5355,77.21,68.65,76.97,19.29,63.41,6.47,synthetic_demo
2026-09-16 00:00:00,Delhi_South_Demo,28.5355,77.21,54.07,69.35,18.44,55.09,2.57,synthetic_demo
2026-09-16 01:00:00,Delhi_South_Demo,28.5355,77.21,64.6,100.07,18.09,53.66,6.06,synthetic_demo
2026-09-16 02:00:00,Delhi_South_Demo,28.5355,77.21,68.36,113.97,18.55,62.97,2.64,synthetic_demo
2026-09-16 03:00:00,Delhi_South_Demo,28.5355,77.21,64.25,94.88,20.49,33.95,0.12,synthetic_demo
2026-09-16 04:00:00,Delhi_South_Demo,28.5355,77.21,91.38,168.98,22.28,52.07,6.45,synthetic_demo
2026-09-16 05:00:00,Delhi_South_Demo,28.5355,77.21,86.19,146.61,24.92,45.85,3.49,synthetic_demo
2026-09-16 06:00:00,Delhi_South_Demo,28.5355,77.21,89.03,149.6,25.46,64.3,1.98,synthetic_demo
2026-09-16 07:00:00,Delhi_South_Demo,28.5355,77.21,90.62,118.33,26.12,50.69,0.35,synthetic_demo
2026-09-16 08:00:00,Delhi_South_Demo,28.5355,77.21,106.32,195.39,28.01,48.41,3.76,synthetic_demo
2026-09-16 09:00:00,Delhi_South_Demo,28.5355,77.21,79.63,108.97,27.97,52.54,2.62,synthetic_demo
2026-09-16 10:00:00,Delhi_South_Demo,28.5355,77.21,112.25,205.27,33.55,44.25,7.68,synthetic_demo
2026-09-16 11:00:00,Delhi_South_Demo,28.5355,77.21,92.12,179.18,30.95,47.61,5.66,synthetic_demo
2026-09-16 12:00:00,Delhi_South_Demo,28.5355,77.21,98.56,161.99,33.45,49.86,5.94,synthetic_demo
2026-09-16 13:00:00,Delhi_South_Demo,28.5355,77.21,110.52,189.89,32.18,46.6,2.3,synthetic_demo
2026-09-16 14:00:00,Delhi_South_Demo,28.5355,77.21,116.44,124.99,31.52,47.0,2.22,synthetic_demo
2026-09-16 15:00:00,Delhi_South_Demo,28.5355,77.21,90.32,136.48,29.77,43.58,2.65,synthetic_demo
2026-09-16 16:00:00,Delhi_South_Demo,28.5355,77.21,93.16,164.23,27.32,44.15,1.13,synthetic_demo
2026-09-16 17:00:00,Delhi_South_Demo,28.5355,77.21,94.62,163.3,25.36,55.23,2.03,synthetic_demo
2026-09-16 18:00:00,Delhi_South_Demo,28.5355,77.21,86.38,111.94,27.59,55.64,1.73,synthetic_demo
2026-09-16 19:00:00,Delhi_South_Demo,28.5355,77.21,90.99,135.74,23.36,44.72,4.49,synthetic_demo
2026-09-16 20:00:00,Delhi_South_Demo,28.5355,77.21,111.0,126.39,23.19,62.35,5.12,synthetic_demo
2026-09-16 21:00:00,Delhi_South_Demo,28.5355,77.21,75.4,124.31,22.13,63.12,3.18,synthetic_demo
2026-09-16 22:00:00,Delhi_South_Demo,28.5355,77.21,59.16,57.81,18.32,67.47,0.98,synthetic_demo
2026-09-16 23:00:00,Delhi_South_Demo,28.5355,77.21,49.91,97.71,18.87,61.69,6.72,synthetic_demo
2026-09-17 00:00:00,Delhi_South_Demo,28.5355,77.21,57.27,110.06,18.07,64.95,3.75,synthetic_demo
2026-09-17 01:00:00,Delhi_South_Demo,28.5355,77.21,50.21,69.28,16.5,78.43,2.51,synthetic_demo
2026-09-17 02:00:00,Delhi_South_Demo,28.5355,77.21,64.86,109.92,18.66,57.03,2.97,synthetic_demo
2026-09-17 03:00:00,Delhi_South_Demo,28.5355,77.21,66.72,99.51,20.93,49.48,0.55,synthetic_demo
2026-09-17 04:00:00,Delhi_South_Demo,28.5355,77.21,60.88,98.71,20.75,45.7,1.73,synthetic_demo
2026-09-17 05:00:00,Delhi_South_Demo,28.5355,77.21,89.71,118.41,22.7,70.65,4.75,synthetic_demo
2026-09-17 06:00:00,Delhi_South_Demo,28.5355,77.21,67.61,116.0,24.74,69.33,0.52,synthetic_demo
2026-09-17 07:00:00,Delhi_South_Demo,28.5355,77.21,79.25,93.29,29.98,44.12,0.51,synthetic_demo
2026-09-17 08:00:00,Delhi_South_Demo,28.5355,77.21,92.3,110.13,25.75,48.66,3.76,synthetic_demo
2026-09-17 09:00:00,Delhi_South_Demo,28.5355,77.21,99.91,152.66,30.7,48.42,2.83,synthetic_demo
2026-09-17 10:00:00,Delhi_South_Demo,28.5355,77.21,108.08,163.73,30.68,60.82,0.53,synthetic_demo
2026-09-17 11:00:00,Delhi_South_Demo,28.5355,77.21,102.84,164.31,30.8,40.64,1.61,synthetic_demo
2026-09-17 12:00:00,Delhi_South_Demo,28.5355,77.21,111.02,160.38,31.58,34.66,2.51,synthetic_demo
2026-09-17 13:00:00,Delhi_South_Demo,28.5355,77.21,94.35,180.18,32.76,66.91,2.3,synthetic_demo
2026-09-17 14:00:00,Delhi_South_Demo,28.5355,77.21,109.17,172.1,32.15,52.49,2.66,synthetic_demo
2026-09-17 15:00:00,Delhi_South_Demo,28.5355,77.21,106.57,169.38,30.23,54.98,1.51,synthetic_demo
2026-09-17 16:00:00,Delhi_South_Demo,28.5355,77.21,108.88,172.32,30.14,49.76,2.39,synthetic_demo
2026-09-17 17:00:00,Delhi_South_Demo,28.5355,77.21,72.24,130.02,28.71,56.13,3.18,synthetic_demo
2026-09-17 18:00:00,Delhi_South_Demo,28.5355,77.21,74.26,125.48,26.22,42.03,3.01,synthetic_demo
2026-09-17 19:00:00,Delhi_South_Demo,28.5355,77.21,85.59,140.62,22.37,50.11,1.55,synthetic_demo
2026-09-17 20:00:00,Delhi_South_Demo,28.5355,77.21,44.86,82.79,22.24,57.77,3.39,synthetic_demo
2026-09-17 21:00:00,Delhi_South_Demo,28.5355,77.21,70.7,76.74,20.8,39.77,0.88,synthetic_demo
2026-09-17 22:00:00,Delhi_South_Demo,28.5355,77.21,71.53,78.71,17.71,57.68,1.17,synthetic_demo
2026-09-17 23:00:00,Delhi_South_Demo,28.5355,77.21,51.38,78.26,15.88,58.47,3.76,synthetic_demo
2026-09-18 00:00:00,Delhi_South_Demo,28.5355,77.21,50.34,74.47,14.97,59.6,3.34,synthetic_demo
2026-09-18 01:00:00,Delhi_South_Demo,28.5355,77.21,42.86,76.86,18.34,55.25,1.66,synthetic_demo
2026-09-18 02:00:00,Delhi_South_Demo,28.5355,77.21,48.83,76.05,19.38,50.96,1.15,synthetic_demo
2026-09-18 03:00:00,Delhi_South_Demo,28.5355,77.21,51.02,89.56,18.28,45.13,1.29,synthetic_demo
2026-09-18 04:00:00,Delhi_South_Demo,28.5355,77.21,52.32,58.67,23.07,57.51,3.08,synthetic_demo
2026-09-18 05:00:00,Delhi_South_Demo,28.5355,77.21,56.03,86.65,23.42,53.71,2.68,synthetic_demo
2026-09-18 06:00:00,Delhi_South_Demo,28.5355,77.21,65.7,77.7,27.02,42.58,1.09,synthetic_demo
2026-09-18 07:00:00,Delhi_South_Demo,28.5355,77.21,70.98,116.98,27.37,53.84,3.32,synthetic_demo
2026-09-18 08:00:00,Delhi_South_Demo,28.5355,77.21,97.95,118.01,26.9,51.31,1.61,synthetic_demo
2026-09-18 09:00:00,Delhi_South_Demo,28.5355,77.21,80.28,130.7,30.64,47.37,0.91,synthetic_demo
2026-09-18 10:00:00,Delhi_South_Demo,28.5355,77.21,91.93,116.05,32.07,32.8,1.4,synthetic_demo
2026-09-18 11:00:00,Delhi_South_Demo,28.5355,77.21,85.93,126.28,30.94,56.3,2.14,synthetic_demo
2026-09-18 12:00:00,Delhi_South_Demo,28.5355,77.21,87.71,152.06,29.84,41.75,3.24,synthetic_demo
2026-09-18 13:00:00,Delhi_South_Demo,28.5355,77.21,77.03,123.49,31.91,50.67,3.1,synthetic_demo
2026-09-18 14:00:00,Delhi_South_Demo,28.5355,77.21,77.34,90.25,29.56,45.34,1.85,synthetic_demo
2026-09-18 15:00:00,Delhi_South_Demo,28.5355,77.21,78.51,109.59,31.63,47.25,2.33,synthetic_demo
2026-09-18 16:00:00,Delhi_South_Demo,28.5355,77.21,88.66,110.39,27.89,62.2,1.73,synthetic_demo
2026-09-18 17:00:00,Delhi_South_Demo,28.5355,77.21,92.76,113.28,29.4,56.17,1.1,synthetic_demo
2026-09-18 18:00:00,Delhi_South_Demo,28.5355,77.21,58.57,92.9,21.81,66.27,1.91,synthetic_demo
2026-09-18 19:00:00,Delhi_South_Demo,28.5355,77.21,65.0,110.84,23.39,58.77,0.34,synthetic_demo
2026-09-18 20:00:00,Delhi_South_Demo,28.5355,77.21,50.89,86.81,23.64,59.12,5.19,synthetic_demo
2026-09-18 21:00:00,Delhi_South_Demo,28.5355,77.21,56.37,98.22,18.71,45.15,2.29,synthetic_demo
2026-09-18 22:00:00,Delhi_South_Demo,28.5355,77.21,64.98,100.51,18.7,56.87,2.76,synthetic_demo
2026-09-18 23:00:00,Delhi_South_Demo,28.5355,77.21,46.04,66.44,17.63,58.36,1.14,synthetic_demo
2026-09-19 00:00:00,Delhi_South_Demo,28.5355,77.21,47.62,54.49,16.97,70.41,2.28,synthetic_demo
2026-09-19 01:00:00,Delhi_South_Demo,28.5355,77.21,61.69,87.69,18.61,55.43,2.56,synthetic_demo
2026-09-19 02:00:00,Delhi_South_Demo,28.5355,77.21,52.26,57.23,16.99,62.72,1.67,synthetic_demo
2026-09-19 03:00:00,Delhi_South_Demo,28.5355,77.21,42.09,50.03,19.88,60.39,1.74,synthetic_demo
2026-09-19 04:00:00,Delhi_South_Demo,28.5355,77.21,54.6,86.22,22.27,66.17,0.64,synthetic_demo
2026-09-19 05:00:00,Delhi_South_Demo,28.5355,77.21,49.11,74.01,22.87,55.42,6.32,synthetic_demo
2026-09-19 06:00:00,Delhi_South_Demo,28.5355,77.21,66.74,158.61,23.5,62.67,1.12,synthetic_demo
2026-09-19 07:00:00,Delhi_South_Demo,28.5355,77.21,73.23,89.27,28.36,39.01,1.25,synthetic_demo
2026-09-19 08:00:00,Delhi_South_Demo,28.5355,77.21,59.95,90.67,29.6,38.87,5.41,synthetic_demo
2026-09-19 09:00:00,Delhi_South_Demo,28.5355,77.21,80.54,99.22,28.39,34.36,2.85,synthetic_demo
2026-09-19 10:00:00,Delhi_South_Demo,28.5355,77.21,82.05,120.19,29.12,58.4,3.26,synthetic_demo
2026-09-19 11:00:00,Delhi_South_Demo,28.5355,77.21,92.05,136.43,30.33,56.66,0.6,synthetic_demo
2026-09-19 12:00:00,Delhi_South_Demo,28.5355,77.21,97.01,165.58,32.82,56.7,2.25,synthetic_demo
2026-09-19 13:00:00,Delhi_South_Demo,28.5355,77.21,94.13,137.81,32.17,44.56,0.61,synthetic_demo
2026-09-19 14:00:00,Delhi_South_Demo,28.5355,77.21,85.49,129.07,32.25,45.42,0.99,synthetic_demo
2026-09-19 15:00:00,Delhi_South_Demo,28.5355,77.21,95.59,140.41,29.46,50.91,6.92,synthetic_demo
2026-09-19 16:00:00,Delhi_South_Demo,28.5355,77.21,73.97,89.43,27.11,65.07,0.84,synthetic_demo
2026-09-19 17:00:00,Delhi_South_Demo,28.5355,77.21,64.88,88.83,28.19,66.32,3.15,synthetic_demo
2026-09-19 18:00:00,Delhi_South_Demo,28.5355,77.21,40.79,56.35,24.17,61.93,0.91,synthetic_demo
2026-09-19 19:00:00,Delhi_South_Demo,28.5355,77.21,66.32,104.13,23.47,58.72,1.01,synthetic_demo
2026-09-19 20:00:00,Delhi_South_Demo,28.5355,77.21,53.1,92.36,19.18,69.76,9.71,synthetic_demo
2026-09-19 21:00:00,Delhi_South_Demo,28.5355,77.21,59.98,88.74,19.2,57.02,1.86,synthetic_demo
2026-09-19 22:00:00,Delhi_South_Demo,28.5355,77.21,31.74,44.65,20.45,55.06,0.56,synthetic_demo
2026-09-19 23:00:00,Delhi_South_Demo,28.5355,77.21,41.5,33.35,17.16,59.45,3.25,synthetic_demo
2026-09-20 00:00:00,Delhi_South_Demo,28.5355,77.21,50.5,87.99,19.22,51.22,4.53,synthetic_demo
2026-09-20 01:00:00,Delhi_South_Demo,28.5355,77.21,34.79,41.4,14.74,60.78,3.46,synthetic_demo
2026-09-20 02:00:00,Delhi_South_Demo,28.5355,77.21,49.98,90.92,18.1,50.89,1.74,synthetic_demo
2026-09-20 03:00:00,Delhi_South_Demo,28.5355,77.21,42.58,89.69,19.79,66.84,1.78,synthetic_demo
2026-09-20 04:00:00,Delhi_South_Demo,28.5355,77.21,51.39,76.27,24.11,59.97,1.31,synthetic_demo
2026-09-20 05:00:00,Delhi_South_Demo,28.5355,77.21,62.31,78.16,21.43,68.93,0.75,synthetic_demo
2026-09-20 06:00:00,Delhi_South_Demo,28.5355,77.21,71.28,110.19,26.01,41.26,2.53,synthetic_demo
2026-09-20 07:00:00,Delhi_South_Demo,28.5355,77.21,68.48,112.42,28.4,67.84,1.67,synthetic_demo
2026-09-20 08:00:00,Delhi_South_Demo,28.5355,77.21,65.22,95.41,27.42,40.73,0.61,synthetic_demo
2026-09-20 09:00:00,Delhi_South_Demo,28.5355,77.21,74.21,104.88,29.39,42.34,1.89,synthetic_demo
2026-09-20 10:00:00,Delhi_South_Demo,28.5355,77.21,89.85,149.42,31.27,45.64,1.13,synthetic_demo
2026-09-20 11:00:00,Delhi_South_Demo,28.5355,77.21,76.91,128.17,29.54,62.28,2.43,synthetic_demo
2026-09-20 12:00:00,Delhi_South_Demo,28.5355,77.21,87.7,129.7,31.32,52.38,2.26,synthetic_demo
2026-09-20 13:00:00,Delhi_South_Demo,28.5355,77.21,86.53,104.35,33.68,46.98,1.5,synthetic_demo
2026-09-20 14:00:00,Delhi_South_Demo,28.5355,77.21,88.78,145.82,31.85,43.87,1.96,synthetic_demo
2026-09-20 15:00:00,Delhi_South_Demo,28.5355,77.21,77.71,106.63,29.71,40.69,2.09,synthetic_demo
2026-09-20 16:00:00,Delhi_South_Demo,28.5355,77.21,65.97,106.12,28.67,61.49,3.76,synthetic_demo
2026-09-20 17:00:00,Delhi_South_Demo,28.5355,77.21,85.34,135.0,27.68,59.51,1.91,synthetic_demo
2026-09-20 18:00:00,Delhi_South_Demo,28.5355,77.21,84.68,97.25,26.16,65.01,1.34,synthetic_demo
2026-09-20 19:00:00,Delhi_South_Demo,28.5355,77.21,51.64,81.5,22.35,60.03,1.61,synthetic_demo
2026-09-20 20:00:00,Delhi_South_Demo,28.5355,77.21,67.78,114.32,23.8,34.7,6.01,synthetic_demo
2026-09-20 21:00:00,Delhi_South_Demo,28.5355,77.21,69.84,119.73,22.02,47.13,0.94,synthetic_demo
2026-09-20 22:00:00,Delhi_South_Demo,28.5355,77.21,60.65,96.12,19.95,62.25,1.7,synthetic_demo
2026-09-20 23:00:00,Delhi_South_Demo,28.5355,77.21,47.27,37.69,16.97,57.66,1.68,synthetic_demo
2026-09-21 00:00:00,Delhi_South_Demo,28.5355,77.21,40.06,85.08,16.47,56.5,1.73,synthetic_demo
2026-09-21 01:00:00,Delhi_South_Demo,28.5355,77.21,49.81,84.6,17.75,51.25,0.72,synthetic_demo
2026-09-21 02:00:00,Delhi_South_Demo,28.5355,77.21,52.49,59.7,19.03,66.76,1.61,synthetic_demo
2026-09-21 03:00:00,Delhi_South_Demo,28.5355,77.21,53.43,68.64,17.4,63.97,1.28,synthetic_demo
2026-09-21 04:00:00,Delhi_South_Demo,28.5355,77.21,54.44,88.55,22.24,60.94,2.42,synthetic_demo
2026-09-21 05:00:00,Delhi_South_Demo,28.5355,77.21,50.25,90.12,25.12,49.85,4.13,synthetic_demo
2026-09-21 06:00:00,Delhi_South_Demo,28.5355,77.21,70.89,101.1,25.86,55.81,2.56,synthetic_demo
2026-09-21 07:00:00,Delhi_South_Demo,28.5355,77.21,77.35,134.75,25.8,43.74,2.15,synthetic_demo
2026-09-21 08:00:00,Delhi_South_Demo,28.5355,77.21,80.63,92.71,27.31,52.35,2.74,synthetic_demo
2026-09-21 09:00:00,Delhi_South_Demo,28.5355,77.21,85.33,113.5,30.4,31.0,2.29,synthetic_demo
2026-09-21 10:00:00,Delhi_South_Demo,28.5355,77.21,105.86,126.93,30.83,38.37,1.95,synthetic_demo
2026-09-21 11:00:00,Delhi_South_Demo,28.5355,77.21,86.62,118.1,32.43,47.22,3.66,synthetic_demo
2026-09-21 12:00:00,Delhi_South_Demo,28.5355,77.21,108.17,194.81,32.9,68.47,1.57,synthetic_demo
2026-09-21 13:00:00,Delhi_South_Demo,28.5355,77.21,89.06,175.09,33.4,34.71,0.72,synthetic_demo
2026-09-21 14:00:00,Delhi_South_Demo,28.5355,77.21,107.04,170.14,29.36,42.0,1.25,synthetic_demo
2026-09-21 15:00:00,Delhi_South_Demo,28.5355,77.21,106.39,153.41,30.28,53.04,1.12,synthetic_demo
2026-09-21 16:00:00,Delhi_South_Demo,28.5355,77.21,87.92,132.29,27.95,67.09,7.08,synthetic_demo
2026-09-21 17:00:00,Delhi_South_Demo,28.5355,77.21,103.21,168.49,26.66,55.45,4.29,synthetic_demo
2026-09-21 18:00:00,Delhi_South_Demo,28.5355,77.21,86.28,105.6,26.3,59.71,2.17,synthetic_demo
2026-09-21 19:00:00,Delhi_South_Demo,28.5355,77.21,67.42,94.2,24.65,52.55,1.14,synthetic_demo
2026-09-21 20:00:00,Delhi_South_Demo,28.5355,77.21,67.05,129.76,23.6,51.9,3.64,synthetic_demo
2026-09-21 21:00:00,Delhi_South_Demo,28.5355,77.21,77.11,100.69,20.69,58.68,2.11,synthetic_demo
2026-09-21 22:00:00,Delhi_South_Demo,28.5355,77.21,70.74,96.17,18.77,54.09,1.58,synthetic_demo
2026-09-21 23:00:00,Delhi_South_Demo,28.5355,77.21,47.73,74.21,17.86,65.79,2.12,synthetic_demo
2026-09-22 00:00:00,Delhi_South_Demo,28.5355,77.21,55.0,90.35,15.4,48.87,1.61,synthetic_demo
2026-09-22 01:00:00,Delhi_South_Demo,28.5355,77.21,57.96,78.58,20.25,65.45,2.72,synthetic_demo
2026-09-22 02:00:00,Delhi_South_Demo,28.5355,77.21,51.87,81.79,18.45,59.9,0.66,synthetic_demo
2026-09-22 03:00:00,Delhi_South_Demo,28.5355,77.21,83.0,139.59,20.81,56.22,2.7,synthetic_demo
2026-09-22 04:00:00,Delhi_South_Demo,28.5355,77.21,65.52,136.86,22.52,43.59,1.61,synthetic_demo
2026-09-22 05:00:00,Delhi_South_Demo,28.5355,77.21,67.38,102.17,21.32,49.74,3.69,synthetic_demo
2026-09-22 06:00:00,Delhi_South_Demo,28.5355,77.21,85.47,131.74,23.61,65.56,4.36,synthetic_demo
2026-09-22 07:00:00,Delhi_South_Demo,28.5355,77.21,75.85,145.07,29.13,50.44,4.99,synthetic_demo
2026-09-22 08:00:00,Delhi_South_Demo,28.5355,77.21,95.52,138.17,28.94,54.47,7.43,synthetic_demo
2026-09-22 09:00:00,Delhi_South_Demo,28.5355,77.21,74.31,91.34,29.08,45.11,4.88,synthetic_demo
2026-09-22 10:00:00,Delhi_South_Demo,28.5355,77.21,91.24,145.92,30.87,50.66,3.61,synthetic_demo
2026-09-22 11:00:00,Delhi_South_Demo,28.5355,77.21,109.98,189.85,33.39,38.15,0.74,synthetic_demo
2026-09-22 12:00:00,Delhi_South_Demo,28.5355,77.21,117.61,188.79,33.4,49.92,0.18,synthetic_demo
2026-09-22 13:00:00,Delhi_South_Demo,28.5355,77.21,95.13,145.71,29.56,54.77,3.95,synthetic_demo
2026-09-22 14:00:00,Delhi_South_Demo,28.5355,77.21,93.42,118.72,33.51,51.61,0.98,synthetic_demo
2026-09-22 15:00:00,Delhi_South_Demo,28.5355,77.21,105.98,163.22,31.4,43.29,10.81,synthetic_demo
2026-09-22 16:00:00,Delhi_South_Demo,28.5355,77.21,90.76,162.88,28.27,49.97,0.5,synthetic_demo
2026-09-22 17:00:00,Delhi_South_Demo,28.5355,77.21,89.92,117.17,25.02,59.28,3.51,synthetic_demo
2026-09-22 18:00:00,Delhi_South_Demo,28.5355,77.21,96.23,144.75,26.58,52.2,2.29,synthetic_demo
2026-09-22 19:00:00,Delhi_South_Demo,28.5355,77.21,76.49,111.58,23.9,53.47,0.56,synthetic_demo
2026-09-22 20:00:00,Delhi_South_Demo,28.5355,77.21,56.72,75.36,19.31,74.21,2.28,synthetic_demo
2026-09-22 21:00:00,Delhi_South_Demo,28.5355,77.21,58.2,94.67,19.7,51.1,1.09,synthetic_demo
2026-09-22 22:00:00,Delhi_South_Demo,28.5355,77.21,66.88,111.64,23.63,64.6,1.86,synthetic_demo
2026-09-22 23:00:00,Delhi_South_Demo,28.5355,77.21,44.76,77.17,18.26,50.48,1.88,synthetic_demo
2026-09-23 00:00:00,Delhi_South_Demo,28.5355,77.21,58.33,72.83,16.89,65.92,1.1,synthetic_demo
2026-09-23 01:00:00,Delhi_South_Demo,28.5355,77.21,46.72,42.79,16.73,66.46,1.5,synthetic_demo
2026-09-23 02:00:00,Delhi_South_Demo,28.5355,77.21,77.88,125.43,21.6,53.3,1.02,synthetic_demo
2026-09-23 03:00:00,Delhi_South_Demo,28.5355,77.21,85.4,123.26,21.32,47.83,0.36,synthetic_demo
2026-09-23 04:00:00,Delhi_South_Demo,28.5355,77.21,56.72,121.01,23.61,40.21,2.14,synthetic_demo
2026-09-23 05:00:00,Delhi_South_Demo,28.5355,77.21,74.48,149.36,23.56,51.09,4.86,synthetic_demo
2026-09-23 06:00:00,Delhi_South_Demo,28.5355,77.21,67.65,140.69,26.88,57.89,1.07,synthetic_demo
2026-09-23 07:00:00,Delhi_South_Demo,28.5355,77.21,79.88,106.9,25.54,46.0,6.51,synthetic_demo
2026-09-23 08:00:00,Delhi_South_Demo,28.5355,77.21,106.72,175.67,28.74,53.15,7.4,synthetic_demo
2026-09-23 09:00:00,Delhi_South_Demo,28.5355,77.21,89.33,154.14,30.38,39.42,1.4,synthetic_demo
2026-09-23 10:00:00,Delhi_South_Demo,28.5355,77.21,95.69,161.97,33.14,47.43,1.67,synthetic_demo
2026-09-23 11:00:00,Delhi_South_Demo,28.5355,77.21,92.6,137.16,32.24,40.76,1.42,synthetic_demo
2026-09-23 12:00:00,Delhi_South_Demo,28.5355,77.21,115.66,202.3,31.06,50.13,0.75,synthetic_demo
2026-09-23 13:00:00,Delhi_South_Demo,28.5355,77.21,72.28,112.04,31.86,46.19,1.68,synthetic_demo
2026-09-23 14:00:00,Delhi_South_Demo,28.5355,77.21,99.68,156.81,28.55,42.99,1.54,synthetic_demo
2026-09-23 15:00:00,Delhi_South_Demo,28.5355,77.21,101.39,129.48,26.47,48.7,2.12,synthetic_demo
2026-09-23 16:00:00,Delhi_South_Demo,28.5355,77.21,91.67,153.7,29.75,44.2,2.2,synthetic_demo
2026-09-23 17:00:00,Delhi_South_Demo,28.5355,77.21,102.28,153.85,26.25,43.61,0.7,synthetic_demo
2026-09-23 18:00:00,Delhi_South_Demo,28.5355,77.21,100.27,163.78,24.61,63.94,3.04,synthetic_demo
2026-09-23 19:00:00,Delhi_South_Demo,28.5355,77.21,68.33,110.14,24.43,52.51,1.66,synthetic_demo
2026-09-23 20:00:00,Delhi_South_Demo,28.5355,77.21,97.57,154.5,23.6,38.37,0.83,synthetic_demo
2026-09-23 21:00:00,Delhi_South_Demo,28.5355,77.21,56.98,87.49,20.85,52.92,1.64,synthetic_demo
2026-09-23 22:00:00,Delhi_South_Demo,28.5355,77.21,79.4,137.23,21.83,64.54,2.26,synthetic_demo
2026-09-23 23:00:00,Delhi_South_Demo,28.5355,77.21,64.37,96.2,18.99,53.11,5.47,synthetic_demo
2026-09-24 00:00:00,Delhi_South_Demo,28.5355,77.21,55.49,59.81,18.45,71.56,4.9,synthetic_demo
2026-09-24 01:00:00,Delhi_South_Demo,28.5355,77.21,55.52,96.29,18.6,52.63,1.31,synthetic_demo
2026-09-24 02:00:00,Delhi_South_Demo,28.5355,77.21,59.85,78.21,17.01,64.62,1.75,synthetic_demo
2026-09-24 03:00:00,Delhi_South_Demo,28.5355,77.21,64.29,75.81,21.48,65.75,0.99,synthetic_demo
2026-09-24 04:00:00,Delhi_South_Demo,28.5355,77.21,56.31,68.87,17.83,63.62,2.54,synthetic_demo
2026-09-24 05:00:00,Delhi_South_Demo,28.5355,77.21,67.53,109.76,22.31,45.89,1.37,synthetic_demo
2026-09-24 06:00:00,Delhi_South_Demo,28.5355,77.21,67.26,102.51,25.03,47.44,1.71,synthetic_demo
2026-09-24 07:00:00,Delhi_South_Demo,28.5355,77.21,68.29,67.46,25.63,63.92,4.05,synthetic_demo
2026-09-24 08:00:00,Delhi_South_Demo,28.5355,77.21,77.74,113.59,27.82,46.59,0.7,synthetic_demo
2026-09-24 09:00:00,Delhi_South_Demo,28.5355,77.21,79.49,144.25,32.71,57.41,4.91,synthetic_demo
2026-09-24 10:00:00,Delhi_South_Demo,28.5355,77.21,91.11,133.09,32.72,46.15,2.72,synthetic_demo
2026-09-24 11:00:00,Delhi_South_Demo,28.5355,77.21,102.88,156.49,30.73,52.12,4.76,synthetic_demo
2026-09-24 12:00:00,Delhi_South_Demo,28.5355,77.21,101.71,176.43,31.3,39.5,3.37,synthetic_demo
2026-09-24 13:00:00,Delhi_South_Demo,28.5355,77.21,120.74,201.47,29.85,46.74,3.8,synthetic_demo
2026-09-24 14:00:00,Delhi_South_Demo,28.5355,77.21,77.88,139.11,32.12,43.01,2.04,synthetic_demo
2026-09-24 15:00:00,Delhi_South_Demo,28.5355,77.21,102.22,108.53,29.58,53.6,0.81,synthetic_demo
2026-09-24 16:00:00,Delhi_South_Demo,28.5355,77.21,93.82,176.62,25.55,55.36,1.23,synthetic_demo
2026-09-24 17:00:00,Delhi_South_Demo,28.5355,77.21,97.08,161.93,26.96,57.33,1.04,synthetic_demo
2026-09-24 18:00:00,Delhi_South_Demo,28.5355,77.21,90.5,184.58,25.66,50.61,0.27,synthetic_demo
2026-09-24 19:00:00,Delhi_South_Demo,28.5355,77.21,75.71,103.27,24.63,47.82,4.04,synthetic_demo
2026-09-24 20:00:00,Delhi_South_Demo,28.5355,77.21,73.1,81.57,21.39,58.99,1.87,synthetic_demo
2026-09-24 21:00:00,Delhi_South_Demo,28.5355,77.21,58.34,90.56,19.49,50.62,0.97,synthetic_demo
2026-09-24 22:00:00,Delhi_South_Demo,28.5355,77.21,67.07,99.0,21.92,65.79,7.22,synthetic_demo
2026-09-24 23:00:00,Delhi_South_Demo,28.5355,77.21,38.35,71.21,18.25,58.81,9.3,synthetic_demo
2026-09-25 00:00:00,Delhi_South_Demo,28.5355,77.21,62.41,116.09,19.08,56.54,0.62,synthetic_demo
2026-09-25 01:00:00,Delhi_South_Demo,28.5355,77.21,53.37,81.15,17.43,64.0,1.68,synthetic_demo
2026-09-25 02:00:00,Delhi_South_Demo,28.5355,77.21,49.18,71.89,19.97,57.91,1.6,synthetic_demo
2026-09-25 03:00:00,Delhi_South_Demo,28.5355,77.21,53.62,92.52,17.87,46.73,0.91,synthetic_demo
2026-09-25 04:00:00,Delhi_South_Demo,28.5355,77.21,57.55,84.59,20.81,49.44,3.98,synthetic_demo
2026-09-25 05:00:00,Delhi_South_Demo,28.5355,77.21,76.38,112.26,21.38,66.0,0.27,synthetic_demo
2026-09-25 06:00:00,Delhi_South_Demo,28.5355,77.21,100.75,174.82,24.09,56.31,6.03,synthetic_demo
2026-09-25 07:00:00,Delhi_South_Demo,28.5355,77.21,86.01,155.99,28.69,38.97,2.1,synthetic_demo
2026-09-25 08:00:00,Delhi_South_Demo,28.5355,77.21,73.55,133.52,27.58,56.01,6.83,synthetic_demo
2026-09-25 09:00:00,Delhi_South_Demo,28.5355,77.21,90.52,137.27,31.03,46.31,1.97,synthetic_demo
2026-09-25 10:00:00,Delhi_South_Demo,28.5355,77.21,95.22,109.07,33.34,42.17,1.59,synthetic_demo
2026-09-25 11:00:00,Delhi_South_Demo,28.5355,77.21,82.44,125.12,31.72,41.14,4.19,synthetic_demo
2026-09-25 12:00:00,Delhi_South_Demo,28.5355,77.21,81.0,111.91,33.49,57.06,6.8,synthetic_demo
2026-09-25 13:00:00,Delhi_South_Demo,28.5355,77.21,93.44,142.5,32.56,33.99,6.08,synthetic_demo
2026-09-25 14:00:00,Delhi_South_Demo,28.5355,77.21,101.13,144.67,31.24,43.93,0.42,synthetic_demo
2026-09-25 15:00:00,Delhi_South_Demo,28.5355,77.21,74.46,115.04,31.08,51.71,5.05,synthetic_demo
2026-09-25 16:00:00,Delhi_South_Demo,28.5355,77.21,79.61,104.69,31.26,63.24,1.53,synthetic_demo
2026-09-25 17:00:00,Delhi_South_Demo,28.5355,77.21,87.73,112.92,25.86,58.83,1.82,synthetic_demo
2026-09-25 18:00:00,Delhi_South_Demo,28.5355,77.21,76.85,141.13,23.56,49.24,1.5,synthetic_demo
2026-09-25 19:00:00,Delhi_South_Demo,28.5355,77.21,84.66,113.76,21.66,69.57,1.23,synthetic_demo
2026-09-25 20:00:00,Delhi_South_Demo,28.5355,77.21,50.44,78.19,22.99,45.56,1.69,synthetic_demo
2026-09-25 21:00:00,Delhi_South_Demo,28.5355,77.21,82.53,145.11,21.74,59.4,0.88,synthetic_demo
2026-09-25 22:00:00,Delhi_South_Demo,28.5355,77.21,38.85,76.67,18.13,63.71,5.07,synthetic_demo
2026-09-25 23:00:00,Delhi_South_Demo,28.5355,77.21,30.21,61.14,15.03,54.93,3.34,synthetic_demo
2026-09-26 00:00:00,Delhi_South_Demo,28.5355,77.21,47.5,79.08,16.99,66.19,2.4,synthetic_demo
2026-09-26 01:00:00,Delhi_South_Demo,28.5355,77.21,35.79,68.51,19.06,55.05,1.5,synthetic_demo
2026-09-26 02:00:00,Delhi_South_Demo,28.5355,77.21,47.3,98.03,18.84,64.87,1.3,synthetic_demo
2026-09-26 03:00:00,Delhi_South_Demo,28.5355,77.21,48.96,83.53,20.32,43.56,2.8,synthetic_demo
2026-09-26 04:00:00,Delhi_South_Demo,28.5355,77.21,51.05,46.06,20.71,60.68,2.46,synthetic_demo
2026-09-26 05:00:00,Delhi_South_Demo,28.5355,77.21,48.97,66.38,24.71,51.91,4.4,synthetic_demo
2026-09-26 06:00:00,Delhi_South_Demo,28.5355,77.21,66.86,116.17,25.51,63.84,1.31,synthetic_demo
2026-09-26 07:00:00,Delhi_South_Demo,28.5355,77.21,64.9,89.3,27.69,52.76,1.21,synthetic_demo
2026-09-26 08:00:00,Delhi_South_Demo,28.5355,77.21,84.66,160.38,28.74,62.38,3.24,synthetic_demo
2026-09-26 09:00:00,Delhi_South_Demo,28.5355,77.21,76.99,118.19,30.74,55.05,3.73,synthetic_demo
2026-09-26 10:00:00,Delhi_South_Demo,28.5355,77.21,73.58,115.58,31.75,49.25,8.84,synthetic_demo
2026-09-26 11:00:00,Delhi_South_Demo,28.5355,77.21,69.73,128.32,30.37,57.54,0.4,synthetic_demo
2026-09-26 12:00:00,Delhi_South_Demo,28.5355,77.21,86.98,131.52,32.56,56.06,5.26,synthetic_demo
2026-09-26 13:00:00,Delhi_South_Demo,28.5355,77.21,76.66,122.0,32.95,53.21,2.26,synthetic_demo
2026-09-26 14:00:00,Delhi_South_Demo,28.5355,77.21,75.02,132.47,32.79,31.21,1.38,synthetic_demo
2026-09-26 15:00:00,Delhi_South_Demo,28.5355,77.21,91.53,115.37,30.57,43.24,2.82,synthetic_demo
2026-09-26 16:00:00,Delhi_South_Demo,28.5355,77.21,64.92,95.49,27.05,64.64,2.75,synthetic_demo
2026-09-26 17:00:00,Delhi_South_Demo,28.5355,77.21,92.21,157.85,25.59,44.54,1.41,synthetic_demo
2026-09-26 18:00:00,Delhi_South_Demo,28.5355,77.21,74.34,116.41,24.35,62.52,0.43,synthetic_demo
2026-09-26 19:00:00,Delhi_South_Demo,28.5355,77.21,66.58,129.62,23.47,61.72,5.28,synthetic_demo
2026-09-26 20:00:00,Delhi_South_Demo,28.5355,77.21,50.96,50.63,21.32,51.77,1.13,synthetic_demo
2026-09-26 21:00:00,Delhi_South_Demo,28.5355,77.21,63.64,68.23,18.36,43.68,0.98,synthetic_demo
2026-09-26 22:00:00,Delhi_South_Demo,28.5355,77.21,51.42,93.56,17.24,55.88,1.22,synthetic_demo
2026-09-26 23:00:00,Delhi_South_Demo,28.5355,77.21,41.11,79.3,15.09,78.56,3.61,synthetic_demo
2026-09-27 00:00:00,Delhi_South_Demo,28.5355,77.21,47.8,70.61,13.32,56.27,1.55,synthetic_demo
2026-09-27 01:00:00,Delhi_South_Demo,28.5355,77.21,28.26,51.01,18.04,53.52,1.24,synthetic_demo
2026-09-27 02:00:00,Delhi_South_Demo,28.5355,77.21,29.54,59.19,22.42,48.83,2.69,synthetic_demo
2026-09-27 03:00:00,Delhi_South_Demo,28.5355,77.21,36.95,42.62,22.75,66.3,2.42,synthetic_demo
2026-09-27 04:00:00,Delhi_South_Demo,28.5355,77.21,55.21,72.85,20.03,56.53,1.26,synthetic_demo
2026-09-27 05:00:00,Delhi_South_Demo,28.5355,77.21,56.32,90.72,23.41,51.1,0.43,synthetic_demo
2026-09-27 06:00:00,Delhi_South_Demo,28.5355,77.21,72.24,128.25,22.8,67.85,3.55,synthetic_demo
2026-09-27 07:00:00,Delhi_South_Demo,28.5355,77.21,58.35,69.46,24.84,59.75,2.45,synthetic_demo
2026-09-27 08:00:00,Delhi_South_Demo,28.5355,77.21,79.11,119.05,26.7,46.45,0.29,synthetic_demo
2026-09-27 09:00:00,Delhi_South_Demo,28.5355,77.21,77.65,115.97,29.61,41.98,5.79,synthetic_demo
2026-09-27 10:00:00,Delhi_South_Demo,28.5355,77.21,74.05,122.31,30.79,60.21,0.28,synthetic_demo
2026-09-27 11:00:00,Delhi_South_Demo,28.5355,77.21,90.98,140.86,32.14,50.14,1.05,synthetic_demo
2026-09-27 12:00:00,Delhi_South_Demo,28.5355,77.21,88.82,127.84,32.99,37.01,1.11,synthetic_demo
2026-09-27 13:00:00,Delhi_South_Demo,28.5355,77.21,84.1,152.83,31.26,36.36,1.28,synthetic_demo
2026-09-27 14:00:00,Delhi_South_Demo,28.5355,77.21,90.23,130.16,31.12,41.79,1.24,synthetic_demo
2026-09-27 15:00:00,Delhi_South_Demo,28.5355,77.21,86.5,128.82,28.31,42.77,0.68,synthetic_demo
2026-09-27 16:00:00,Delhi_South_Demo,28.5355,77.21,82.96,99.93,26.48,37.59,2.28,synthetic_demo
2026-09-27 17:00:00,Delhi_South_Demo,28.5355,77.21,76.01,104.97,24.56,46.51,3.97,synthetic_demo
2026-09-27 18:00:00,Delhi_South_Demo,28.5355,77.21,61.99,105.37,25.97,46.97,2.26,synthetic_demo
2026-09-27 19:00:00,Delhi_South_Demo,28.5355,77.21,70.31,114.75,22.68,52.92,2.55,synthetic_demo
2026-09-27 20:00:00,Delhi_South_Demo,28.5355,77.21,56.06,97.69,18.69,72.96,1.58,synthetic_demo
2026-09-27 21:00:00,Delhi_South_Demo,28.5355,77.21,48.81,85.57,19.96,56.4,2.2,synthetic_demo
2026-09-27 22:00:00,Delhi_South_Demo,28.5355,77.21,52.29,118.62,17.06,59.21,2.69,synthetic_demo
2026-09-27 23:00:00,Delhi_South_Demo,28.5355,77.21,58.78,77.65,20.73,62.06,3.34,synthetic_demo
2026-09-28 00:00:00,Delhi_South_Demo,28.5355,77.21,51.35,50.44,17.13,58.61,1.16,synthetic_demo
2026-09-28 01:00:00,Delhi_South_Demo,28.5355,77.21,43.69,48.81,19.26,62.22,1.04,synthetic_demo
2026-09-28 02:00:00,Delhi_South_Demo,28.5355,77.21,44.3,56.0,20.57,60.35,0.18,synthetic_demo
2026-09-28 03:00:00,Delhi_South_Demo,28.5355,77.21,58.83,73.66,18.62,60.45,6.92,synthetic_demo
2026-09-28 04:00:00,Delhi_South_Demo,28.5355,77.21,32.28,51.72,21.61,79.5,6.64,synthetic_demo
2026-09-28 05:00:00,Delhi_South_Demo,28.5355,77.21,69.05,129.58,24.02,62.98,1.92,synthetic_demo
2026-09-28 06:00:00,Delhi_South_Demo,28.5355,77.21,47.92,102.0,25.17,46.22,2.01,synthetic_demo
2026-09-28 07:00:00,Delhi_South_Demo,28.5355,77.21,58.49,99.73,27.35,56.31,5.51,synthetic_demo
2026-09-28 08:00:00,Delhi_South_Demo,28.5355,77.21,73.48,152.44,26.51,47.61,0.7,synthetic_demo
2026-09-28 09:00:00,Delhi_South_Demo,28.5355,77.21,105.92,157.76,30.78,54.52,0.95,synthetic_demo
2026-09-28 10:00:00,Delhi_South_Demo,28.5355,77.21,105.84,134.67,30.33,40.27,5.74,synthetic_demo
2026-09-28 11:00:00,Delhi_South_Demo,28.5355,77.21,99.93,173.84,32.29,41.04,1.57,synthetic_demo
2026-09-28 12:00:00,Delhi_South_Demo,28.5355,77.21,98.92,120.23,33.38,51.89,0.83,synthetic_demo
2026-09-28 13:00:00,Delhi_South_Demo,28.5355,77.21,77.78,106.97,32.76,57.55,2.81,synthetic_demo
2026-09-28 14:00:00,Delhi_South_Demo,28.5355,77.21,97.52,160.52,31.59,54.41,1.17,synthetic_demo
2026-09-28 15:00:00,Delhi_South_Demo,28.5355,77.21,88.56,135.43,30.91,57.69,5.1,synthetic_demo
2026-09-28 16:00:00,Delhi_South_Demo,28.5355,77.21,82.69,124.73,29.53,54.82,2.18,synthetic_demo
2026-09-28 17:00:00,Delhi_South_Demo,28.5355,77.21,88.15,115.37,29.05,53.54,1.21,synthetic_demo
2026-09-28 18:00:00,Delhi_South_Demo,28.5355,77.21,76.88,118.97,24.95,51.01,1.26,synthetic_demo
2026-09-28 19:00:00,Delhi_South_Demo,28.5355,77.21,84.89,149.64,23.43,62.6,2.71,synthetic_demo
2026-09-28 20:00:00,Delhi_South_Demo,28.5355,77.21,51.43,80.08,22.9,64.67,1.72,synthetic_demo
2026-09-28 21:00:00,Delhi_South_Demo,28.5355,77.21,66.53,88.18,19.31,58.47,1.55,synthetic_demo
2026-09-28 22:00:00,Delhi_South_Demo,28.5355,77.21,52.72,59.27,16.93,59.71,3.43,synthetic_demo
2026-09-28 23:00:00,Delhi_South_Demo,28.5355,77.21,54.21,69.45,18.98,71.95,5.56,synthetic_demo
2026-09-29 00:00:00,Delhi_South_Demo,28.5355,77.21,59.44,99.19,17.69,59.95,3.1,synthetic_demo
2026-09-29 01:00:00,Delhi_South_Demo,28.5355,77.21,44.75,75.55,16.43,61.61,1.09,synthetic_demo
2026-09-29 02:00:00,Delhi_South_Demo,28.5355,77.21,58.59,76.41,19.69,62.59,0.79,synthetic_demo
2026-09-29 03:00:00,Delhi_South_Demo,28.5355,77.21,57.3,49.01,22.2,56.18,3.29,synthetic_demo
2026-09-29 04:00:00,Delhi_South_Demo,28.5355,77.21,56.58,95.25,19.06,52.6,3.1,synthetic_demo
2026-09-29 05:00:00,Delhi_South_Demo,28.5355,77.21,63.29,81.95,24.72,58.22,1.46,synthetic_demo
2026-09-29 06:00:00,Delhi_South_Demo,28.5355,77.21,72.02,124.03,21.19,57.35,1.75,synthetic_demo
2026-09-29 07:00:00,Delhi_South_Demo,28.5355,77.21,71.83,97.72,26.21,68.89,1.15,synthetic_demo
2026-09-29 08:00:00,Delhi_South_Demo,28.5355,77.21,85.52,114.77,31.26,56.93,0.81,synthetic_demo
2026-09-29 09:00:00,Delhi_South_Demo,28.5355,77.21,88.21,139.48,29.46,47.12,1.23,synthetic_demo
2026-09-29 10:00:00,Delhi_South_Demo,28.5355,77.21,89.66,181.41,31.2,56.49,0.13,synthetic_demo
2026-09-29 11:00:00,Delhi_South_Demo,28.5355,77.21,115.39,192.34,32.91,51.93,4.47,synthetic_demo
2026-09-29 12:00:00,Delhi_South_Demo,28.5355,77.21,106.06,166.84,29.43,62.38,0.59,synthetic_demo
2026-09-29 13:00:00,Delhi_South_Demo,28.5355,77.21,99.04,159.97,31.87,46.0,1.96,synthetic_demo
2026-09-29 14:00:00,Delhi_South_Demo,28.5355,77.21,103.77,129.33,31.16,52.2,0.22,synthetic_demo
2026-09-29 15:00:00,Delhi_South_Demo,28.5355,77.21,90.04,119.36,32.74,48.79,3.02,synthetic_demo
2026-09-29 16:00:00,Delhi_South_Demo,28.5355,77.21,92.63,98.37,26.65,54.32,3.69,synthetic_demo
2026-09-29 17:00:00,Delhi_South_Demo,28.5355,77.21,89.41,169.72,26.24,47.05,2.09,synthetic_demo
2026-09-29 18:00:00,Delhi_South_Demo,28.5355,77.21,75.0,143.74,23.61,60.58,1.87,synthetic_demo
2026-09-29 19:00:00,Delhi_South_Demo,28.5355,77.21,85.8,140.06,21.64,60.7,1.14,synthetic_demo
2026-09-29 20:00:00,Delhi_South_Demo,28.5355,77.21,71.32,112.98,23.19,66.55,4.39,synthetic_demo
2026-09-29 21:00:00,Delhi_South_Demo,28.5355,77.21,67.65,76.93,20.09,58.36,0.47,synthetic_demo
2026-09-29 22:00:00,Delhi_South_Demo,28.5355,77.21,61.09,90.74,18.1,56.53,1.38,synthetic_demo
2026-09-29 23:00:00,Delhi_South_Demo,28.5355,77.21,92.99,176.39,17.46,66.59,1.03,synthetic_demo
2026-09-30 00:00:00,Delhi_South_Demo,28.5355,77.21,54.67,87.11,17.16,54.14,1.0,synthetic_demo
2026-09-30 01:00:00,Delhi_South_Demo,28.5355,77.21,39.96,51.77,17.53,68.91,4.32,synthetic_demo
2026-09-30 02:00:00,Delhi_South_Demo,28.5355,77.21,45.48,38.85,17.04,69.23,1.78,synthetic_demo
2026-09-30 03:00:00,Delhi_South_Demo,28.5355,77.21,71.34,135.42,19.66,68.79,1.13,synthetic_demo
2026-09-30 04:00:00,Delhi_South_Demo,28.5355,77.21,80.67,123.77,20.96,60.84,2.51,synthetic_demo
2026-09-30 05:00:00,Delhi_South_Demo,28.5355,77.21,65.09,69.27,22.05,53.17,2.36,synthetic_demo
2026-09-30 06:00:00,Delhi_South_Demo,28.5355,77.21,90.05,122.93,25.23,55.71,3.64,synthetic_demo
2026-09-30 07:00:00,Delhi_South_Demo,28.5355,77.21,90.39,117.11,27.17,56.52,2.71,synthetic_demo
2026-09-30 08:00:00,Delhi_South_Demo,28.5355,77.21,86.79,132.16,27.67,48.65,1.84,synthetic_demo
2026-09-30 09:00:00,Delhi_South_Demo,28.5355,77.21,91.4,145.4,29.73,62.35,1.94,synthetic_demo
2026-09-30 10:00:00,Delhi_South_Demo,28.5355,77.21,100.36,146.5,34.3,53.13,2.63,synthetic_demo
2026-09-30 11:00:00,Delhi_South_Demo,28.5355,77.21,110.8,185.73,34.94,40.9,0.9,synthetic_demo
2026-09-30 12:00:00,Delhi_South_Demo,28.5355,77.21,108.17,169.09,30.42,66.27,2.33,synthetic_demo
2026-09-30 13:00:00,Delhi_South_Demo,28.5355,77.21,98.14,171.24,30.39,52.01,5.48,synthetic_demo
2026-09-30 14:00:00,Delhi_South_Demo,28.5355,77.21,102.37,152.24,29.47,43.12,2.09,synthetic_demo
